,cosine_diffs,binom
0,0.6122497916221619,abandon and fervor
1,0.569172203540802,ability and age
2,0.5857963562011719,ability and desire
3,0.5991430878639221,ability and strength
4,0.5946395397186279,accessories and aircraft
5,0.680514395236969,acids and tannin
6,0.6625571250915527,acknowledgment and authentication
7,0.5630398392677307,action and interests
8,0.5640421509742737,action and character
9,0.57015061378479,actions and feelings
10,0.569390058517456,adaptations and cycles
11,0.5906026363372803,addresses and names
12,0.6023327708244324,adherent and advocate
13,0.6063595414161682,adventure and romance
14,0.5481485724449158,age and day
15,0.6153767704963684,agencies and individuals
16,0.6135272979736328,aggression and hostility
17,0.6166905164718628,agreements and contracts
18,0.536389946937561,aims and backgrounds
19,0.6451746225357056,aircraft and ships
20,0.6613602638244629,allegory and expressiveness
21,0.6065112352371216,amateurs and collectors
22,0.5853723287582397,amber and froth
23,0.7002779245376587,ambiguities and fears
24,0.6804242134094238,ambiguities and urgencies
25,0.6077023148536682,ambition and poverty
26,0.5972167253494263,ambush and death
27,0.5829223394393921,ammunition and guns
28,0.5580533742904663,amusement and pride
29,0.5800889134407043,anger and anxiety
30,0.5452635288238525,anger and fear
31,0.5609318017959595,anger and hatred
32,0.5708767771720886,anger and indignation
33,0.6427139639854431,angst and science
34,0.5881524682044983,anguish and pain
35,0.6165247559547424,animosity and resistance
36,0.6116913557052612,anthropologist and engineer
37,0.6230781078338623,anthropology and psychology
38,0.6218371391296387,anxiety and hazards
39,0.6314063668251038,appliances and cosmetics
40,0.6420444846153259,apprehension and fear
41,0.6629219651222229,apprenticeship and learning
42,0.7267532348632812,aqueducts and tombs
43,0.5684961080551147,arms and hands
44,0.5122331380844116,arms and legs
45,0.6048720479011536,arrows and crosses
46,0.6887561082839966,articulation and establishment
47,0.5574484467506409,arts and crafts
48,0.5931952595710754,arts and sciences
49,0.6080570220947266,aspirations and dignity
50,0.6551803946495056,assistant and confidante
51,0.6018689274787903,attitude and culture
52,0.6483117938041687,attraction and conflict
53,0.6722375154495239,attractions and repulsions
54,0.5545681118965149,aunt and uncle
55,0.6282497644424438,austerity and denial
56,0.6103657484054565,authority and decency
57,0.5837842226028442,background and dancers
58,0.6007559299468994,bale and box
59,0.6025384664535522,bankers and friends
60,0.6457955837249756,bankruptcy and death
61,0.6578608751296997,barnyard and coop
62,0.6111734509468079,barriers and stakes
63,0.6994345188140869,beech and horse-chestnut
64,0.6541960835456848,beginnings and greetings
65,0.6421774625778198,bellboy and chambermaid
66,0.6226492524147034,benefactor and sponsor
67,0.5754088759422302,berries and gardens
68,0.6214784979820251,bicep and forearm
69,0.6088646650314331,bitterness and youth
70,0.6631895303726196,bleats and rasps
71,0.6632167100906372,bleedings and pills
72,0.7243683934211731,boards and two-by-fours
73,0.6079270243644714,boy and mount
74,0.6357176899909973,cables and communiques
75,0.557197093963623,cakes and comfort
76,0.6171064376831055,calmness and detachment
77,0.6002802848815918,capture and isolation
78,0.649889349937439,career and wanderings
79,0.6681814193725586,carpet and tile
80,0.7481128573417664,catholics and non-catholics
81,0.7196040749549866,ceremonies and exhortations
82,0.5899708271026611,chair and floor
83,0.6306704878807068,charters and contracts
84,0.6119498014450073,cherries and pineapple
85,0.6234769225120544,childhood and hobo
86,0.7004122138023376,choir and glee-club
87,0.6362196803092957,chorus and verses
88,0.6779603958129883,clarification and reexamination
89,0.5819976329803467,clarity and flavor
90,0.6082634329795837,clash and meeting
91,0.6219136714935303,classicist and mathematician
92,0.6722038984298706,classifications and probings
93,0.713810920715332,clergymen and parishioners
94,0.612230658531189,clerk and cook
95,0.663199245929718,clerks and postmasters
96,0.5430455207824707,clothes and haircut
97,0.5977455377578735,clothing and decorations
98,0.6332303881645203,cologne and munich
99,0.5381759405136108,community and customers
100,0.6271423101425171,competence and willingness
101,0.6244543194770813,composure and tranquility
102,0.6110674142837524,concern and inquiry
103,0.6282076835632324,contemplation and delight
104,0.6209194660186768,contortion and scream
105,0.570990264415741,control and needs
106,0.6195451021194458,costume and decor
107,0.6370185613632202,courage and virility
108,0.6165735721588135,courthouse and square
109,0.5718982815742493,cover and pillows
110,0.6355013847351074,coverings and veils
111,0.5663744211196899,covers and towels
112,0.6643667817115784,cowboy and rancher
113,0.6222071647644043,criminality and madness
114,0.6527256965637207,crisis and destruction
115,0.6102835536003113,cry and rustle
116,0.6178892850875854,curiosity and foreboding
117,0.5967435240745544,currents and rhythms
118,0.6403272747993469,dancers and guests
119,0.5652480125427246,danger and nuisance
120,0.5694332718849182,defeat and misfortune
121,0.6370581984519958,delirium and illness
122,0.6391286253929138,denial and ignorance
123,0.6339252591133118,denials and sacrifices
124,0.6557073593139648,derelicts and outcasts
125,0.5601456761360168,design and outline
126,0.6155648827552795,desire and response
127,0.5890910029411316,desire and wishing
128,0.6593633890151978,dialects and localisms
129,0.650733470916748,diamonds and mink
130,0.6537600159645081,diffidence and gentleness
131,0.5225062370300293,direction and moment
132,0.6308770179748535,directness and truth
133,0.6842526793479919,disarray and impasse
134,0.6622334718704224,disasters and sufferings
135,0.6161654591560364,disrespect and misunderstanding
136,0.6042799949645996,distinction and tone
137,0.6058138012886047,doctors and president
138,0.535561203956604,dogs and grandchildren
139,0.5224065184593201,door and sill
140,0.6313911080360413,drawing and models
141,0.6848599910736084,dregs and wine
142,0.6367619037628174,dryness and dust
143,0.6685550212860107,emeralds and peanuts
144,0.646331787109375,employees and proprietors
145,0.6197161078453064,envelope and pencil
146,0.620293915271759,envy and hurt
147,0.6063113212585449,equality and relativism
148,0.6242507696151733,equipment and musket
149,0.6153472661972046,exasperation and love
150,0.6388534307479858,farms and hayfields
151,0.6324313879013062,farms and mountains
152,0.615864634513855,fear and ritual
153,0.6873629689216614,felons and fixers
154,0.6675271391868591,fishermen and scientists
155,0.6570606827735901,flirtation and romance
156,0.5729437470436096,force and voice
157,0.6223055720329285,foresight and patriotism
158,0.6049882173538208,form and mess
159,0.6401328444480896,freedom and israel
160,0.5366954207420349,friends and tenants
161,0.6471384167671204,furs and merchandise
162,0.6538245677947998,gadgets and prowess
163,0.5982705354690552,garden and livestock
164,0.6607872843742371,garden and pavilion
165,0.6569116711616516,gardens and riverbanks
166,0.6194097995758057,gardens and housing
167,0.5626813173294067,gasps and rushes
168,0.604300856590271,gentility and principle
169,0.6540148258209229,gift and heritage
170,0.5780603289604187,glance and signal
171,0.627968966960907,goodnight and lullaby
172,0.6409315466880798,gossip and truth
173,0.5729838013648987,graces and manners
174,0.7131561040878296,grandfather and great-grandfather
175,0.6742475032806396,greed and pettiness
176,0.5968480110168457,gunfire and shouting
177,0.5872182846069336,handle and hinge
178,0.5316838622093201,hat and tunic
179,0.7257133722305298,head-tossing and prancing
180,0.638752818107605,hearsay and legend
181,0.5873312950134277,heat and outcry
182,0.6321646571159363,hillbilly and jazz
183,0.6998519897460938,holland and japan
184,0.6905011534690857,honeysuckle and rosebush
185,0.585597574710846,hope and smiles
186,0.6909666657447815,huggings and kissings
187,0.609817385673523,humor and proportion
188,0.6534234285354614,immersion and involvement
189,0.6364927291870117,incredulity and shock
190,0.6926060318946838,inertia and petulance
191,0.6444472670555115,ingratitude and injury
192,0.5926864743232727,instinct and judgement
193,0.5676209330558777,intelligence and mentality
194,0.6741580963134766,intensities and rhythms
195,0.6517517566680908,interconnectedness and quality
196,0.6146599054336548,ivory and sandalwood
197,0.6380751729011536,jazz and marijuana
198,0.5947459936141968,jubilation and regret
199,0.6169241070747375,juice and spirit
200,0.6965561509132385,ketches and yachts
201,0.5576072335243225,kind and scale
202,0.5105753540992737,lights and motor
203,0.6374469995498657,linguist and therapist
204,0.6312596797943115,linguistics and psychiatry
205,0.7203009128570557,linguists and psychotherapists
206,0.6504445672035217,lint and thread
207,0.6297352910041809,liquor and luxury
208,0.6331642866134644,madman and tyrant
209,0.5903809070587158,maintenance and travel
210,0.5919410586357117,maps and registers
211,0.6644699573516846,marquees and signs
212,0.5862576961517334,meaningfulness and relevance
213,0.6050014495849609,mechanics and technique
214,0.6430209875106812,medicines and yeast
215,0.6774030923843384,miners and teamsters
216,0.6388504505157471,misunderstanding and persecution
217,0.6843389868736267,modernizing and redecorating
218,0.6083279848098755,nagging and stress
219,0.5928430557250977,names and specialties
220,0.6274134516716003,nationalism and sentiment
221,0.7162383794784546,neighborliness and politeness
222,0.6373851299285889,nightingales and roses
223,0.691000759601593,non-poetry and poetry
224,0.6269158124923706,onrush and retreat
225,0.6651185750961304,optimism and practicality
226,0.5887750387191772,pains and shocks
227,0.6138267517089844,painting and sculptures
228,0.5961248278617859,passage and rhythm
229,0.6378337740898132,patients and psychiatrists
230,0.599834144115448,patronage and subscription
231,0.568773627281189,peace and rehabilitation
232,0.5410580039024353,pen and telephone
233,0.5641055107116699,people and soils
234,0.6501486897468567,pills and tonics
235,0.5994568467140198,poise and posture
236,0.5752378106117249,powers and traditions
237,0.6263331770896912,preparations and services
238,0.6523120999336243,promoters and salesmen
239,0.5623676180839539,reason and sight
240,0.582211434841156,reference and withdrawal
241,0.6003777384757996,retribution and violence
242,0.6872186064720154,romance and snobbery
243,0.6353247165679932,salt and whiskey
244,0.6105049848556519,scars and welts
245,0.6393663883209229,Scots and Swiss
246,0.5793073177337646,screens and shades
247,0.6525619029998779,seals and wires
248,0.7400811910629272,self-aggrandisement and self-confidence
249,0.7549841403961182,self-indulgence and softness
250,0.5547584891319275,sky and wasteland
251,0.5705544948577881,song and tears
252,0.6360258460044861,sparkle and spring
253,0.6762208938598633,sprains and swellings
254,0.6657655239105225,stalls and urinals
255,0.5793638825416565,starvation and tuberculosis
256,0.6063421368598938,starvation and suicide
257,0.6161527037620544,sushi and tea
258,0.5884886980056763,suspense and worry
259,0.6962161660194397,temperature and wind-velocity
260,0.5963588953018188,tension and terror
261,0.6760838627815247,unhappiness and women
262,0.6291874647140503,usefulness and viability
263,0.6190125942230225,vitality and will
264,0.5998473167419434,aunts and uncles
265,0.5367318391799927,back and shoulders
266,0.5996341705322266,bacon and eggs
267,0.5600149631500244,bar and grill
268,0.6078382730484009,barley and oats
269,0.6631304621696472,barrels and boxes
270,0.6289726495742798,beauty and dignity
271,0.6485248804092407,beauty and truth
272,0.6010336875915527,beauty and youth
273,0.5488600730895996,being and existence
274,0.6206745505332947,belly and chest
275,0.5400167107582092,black and white
276,0.5555281639099121,blood and flesh
277,0.5855729579925537,blood and guts
278,0.5792248845100403,boats and ships
279,0.5908464193344116,bodies and faces
280,0.5555721521377563,body and face
281,0.5565329790115356,body and head
282,0.5391064882278442,body and mind
283,0.5667470693588257,bone and flesh
284,0.5705025792121887,bone and muscle
285,0.5742301344871521,bones and skulls
286,0.5897480249404907,boots and shoes
287,0.558366596698761,boys and girls
288,0.5454916954040527,boys and men
289,0.5522691011428833,bread and butter
290,0.5924361944198608,bread and cheese
291,0.6136201620101929,breakfast and dinner
292,0.6337645053863525,bride and groom
293,0.5780052542686462,brother and mother
294,0.5801950097084045,brother and sister
295,0.5867979526519775,brothers and sisters
296,0.5930439233779907,brush and trees
297,0.5626478791236877,cakes and pies
298,0.6255884170532227,cattle and horses
299,0.5687904357910156,cause and consequence
300,0.5552834272384644,cause and effect
301,0.5927209258079529,ceiling and walls
302,0.572706401348114,cents and dollars
303,0.6015782356262207,chair and table
304,0.6300450563430786,chairs and sofas
305,0.565471351146698,chairs and table
306,0.6140730977058411,characters and situations
307,0.5999451279640198,charts and maps
308,0.519737958908081,chest and stomach
309,0.5517256855964661,child and husband
310,0.563661515712738,child and wife
311,0.5892745852470398,childhood and infancy
312,0.5666996836662292,choice and decision
313,0.5842933654785156,church and community
314,0.558351993560791,city and country
315,0.5692107677459717,city and county
316,0.5396386981010437,city and state
317,0.6070282459259033,clarity and precision
318,0.6099399328231812,classmates and friends
319,0.6805354356765747,closets and drawers
320,0.5490235090255737,coat and hat
321,0.631555438041687,coffee and sandwiches
322,0.6056593060493469,coffee and toast
323,0.5923495292663574,college and school
324,0.566684901714325,college and university
325,0.5625271201133728,color and light
326,0.57280433177948,color and texture
327,0.6169948577880859,colors and forms
328,0.5319445729255676,comfort and ease
329,0.59036785364151,comings and goings
330,0.5746804475784302,command and control
331,0.6165775656700134,concrete and steel
332,0.609204113483429,confusion and fear
333,0.6081063747406006,confusion and turmoil
334,0.6437798142433167,conscience and religion
335,0.614106297492981,contemporary and friend
336,0.5992310643196106,corruption and crime
337,0.6059627532958984,costumes and masks
338,0.6265028119087219,cotton and tobacco
339,0.6497938632965088,council and governor
340,0.5919855237007141,counties and towns
341,0.6232303380966187,courage and hope
342,0.672814667224884,cousins and uncles
343,0.660010039806366,crannies and nooks
344,0.6344932317733765,cream and peaches
345,0.5883818864822388,crime and poverty
346,0.551146388053894,crime and punishment
347,0.5957903861999512,crime and violence
348,0.622429370880127,crops and livestock
349,0.6303541660308838,cysts and tumors
350,0.649139940738678,dairy and poultry
351,0.5773681402206421,dark and light
352,0.5537427663803101,dates and events
353,0.5900253057479858,daughter and son
354,0.5923644304275513,day and night
355,0.5464171171188354,days and nights
356,0.575865626335144,days and years
357,0.5865595936775208,death and life
358,0.6011174917221069,debate and discussion
359,0.5882278680801392,democracy and liberty
360,0.59930819272995,despair and rage
361,0.558449387550354,development and research
362,0.6022263169288635,diagnosis and treatment
363,0.6880915760993958,diamonds and rubies
364,0.5764157772064209,dirt and sweat
365,0.6270022988319397,discussion and thought
366,0.6002285480499268,distress and pain
367,0.5829141736030579,dogs and men
368,0.6085633039474487,doorways and windows
369,0.5968738794326782,doubts and fears
370,0.6266433000564575,dreams and plans
371,0.5681214332580566,ears and eyes
372,0.5850025415420532,earth and sky
373,0.5987560749053955,editing and publishing
374,0.5559334754943848,editor and publisher
375,0.5806977152824402,education and skill
376,0.5929173231124878,effort and resources
377,0.6234395503997803,eggs and ham
378,0.5515669584274292,elbows and knees
379,0.5228068828582764,ends and odds
380,0.5880935192108154,energy and money
381,0.6161015033721924,engineers and scientists
382,0.610905647277832,equipment and personnel
383,0.5588203072547913,error and trial
384,0.6092640161514282,errors and omissions
385,0.5060106515884399,evening and morning
386,0.5441961884498596,everybody and everything
387,0.6286869049072266,expense and time
388,0.5163965821266174,eyes and face
389,0.5578521490097046,eyes and hair
390,0.5940873622894287,face and figure
391,0.5399028658866882,facts and figures
392,0.5783874988555908,faith and life
393,0.5673083066940308,faith and love
394,0.5726674199104309,fall and rise
395,0.5483949184417725,fall and winter
396,0.5365275144577026,family and neighborhood
397,0.5917352437973022,farms and fields
398,0.5303085446357727,father and mother
399,0.5552475452423096,father and son
400,0.5679478645324707,father and uncle
401,0.5645803809165955,fathers and mothers
402,0.5969997644424438,feelings and thoughts
403,0.5543242692947388,feet and hands
404,0.5108892321586609,feet and legs
405,0.5222682356834412,female and male
406,0.5480933785438538,fiction and poetry
407,0.5808521509170532,field and stream
408,0.6038126945495605,figures and words
409,0.5661094188690186,fingers and thumb
410,0.602169930934906,fire and light
411,0.6020824909210205,fire and police
412,0.587378740310669,flame and smoke
413,0.590578019618988,flames and smoke
414,0.6558741331100464,flesh and skin
415,0.6140857934951782,flowers and herbs
416,0.6335340738296509,flowers and plants
417,0.627292275428772,fog and mist
418,0.5241862535476685,food and shelter
419,0.5479822158813477,force and violence
420,0.628858208656311,forefinger and thumb
421,0.6018739342689514,fork and spoon
422,0.558258056640625,forms and materials
423,0.582413375377655,freedom and security
424,0.5634324550628662,friends and relations
425,0.5629274249076843,fruit and nuts
426,0.5539065003395081,fruits and vegetables
427,0.5437121391296387,fun and games
428,0.5760430097579956,future and past
429,0.5918253064155579,gas and oil
430,0.5935490131378174,gentlemen and ladies
431,0.5840032696723938,gin and tonic
432,0.5581156611442566,glass and steel
433,0.5987337231636047,god and man
434,0.5594439506530762,goods and services
435,0.6437005996704102,gratitude and joy
436,0.5687798857688904,groups and individuals
437,0.6348229050636292,guidance and information
438,0.5840786695480347,gums and teeth
439,0.5845104455947876,hair and skin
440,0.5092384219169617,hands and knees
441,0.5137817859649658,head and shoulders
442,0.5466861724853516,head and tail
443,0.5674126744270325,health and spirits
444,0.5862393379211426,hearing and sight
445,0.5669876337051392,heart and mind
446,0.6390553116798401,heir and son
447,0.5551098585128784,help and understanding
448,0.5696244835853577,history and identity
449,0.6063567996025085,honey and milk
450,0.6456323862075806,horses and wagons
451,0.5618062019348145,houses and shops
452,0.6292229294776917,humility and pride
453,0.6009140014648438,husband and wife
454,0.5926041007041931,husbands and wives
455,0.587552011013031,ice and snow
456,0.5796305537223816,ice and water
457,0.6102578639984131,improvements and land
458,0.6406216621398926,inclination and time
459,0.6244893670082092,influence and power
460,0.6407246589660645,influence and prestige
461,0.5577778816223145,information and material
462,0.6095225811004639,ink and paper
463,0.5720460414886475,iron and wood
464,0.5689382553100586,jacket and trousers
465,0.6551512479782104,jams and jellies
466,0.618117094039917,jaws and teeth
467,0.5407665967941284,joy and pleasure
468,0.5680907368659973,kind and quantity
469,0.5917718410491943,knowledge and skills
470,0.5997949242591858,labor and money
471,0.5223544239997864,land and sea
472,0.6451750993728638,landings and takeoffs
473,0.5780333280563354,law and order
474,0.6030658483505249,lecturer and writer
475,0.5661493539810181,left and right
476,0.5552878379821777,length and quality
477,0.5499950647354126,length and weight
478,0.5929686427116394,libraries and museums
479,0.5767284631729126,life and religion
480,0.5991441607475281,light and shadow
481,0.5835473537445068,light and sound
482,0.5740799903869629,location and size
483,0.6372214555740356,machinery and power
484,0.5635626316070557,magazines and newspapers
485,0.6546587347984314,magic and superstition
486,0.6769851446151733,mamma and papa
487,0.6037012934684753,man and nature
488,0.6133509874343872,man and wife
489,0.5927154421806335,man and woman
490,0.588465690612793,math and science
491,0.5371293425559998,meaning and origin
492,0.5437423586845398,men and officers
493,0.5638450384140015,men and women
494,0.5777026414871216,methods and principles
495,0.6339068412780762,minerals and vitamins
496,0.609795331954956,misery and pain
497,0.5754187107086182,money and time
498,0.5621914863586426,months and years
499,0.5863885879516602,moon and sun
500,0.5336959958076477,morning and night
501,0.5519436001777649,mother and son
502,0.6171625852584839,mouth and nostrils
503,0.5865480303764343,movements and positions
504,0.6768785715103149,mr. and mrs.
505,0.56730055809021,muscles and nerves
506,0.5765713453292847,names and numbers
507,0.5537887811660767,nature and size
508,0.6197144389152527,needle and thread
509,0.549740195274353,nights and weekends
510,0.623650074005127,nitrogen and oxygen
511,0.5316384434700012,north and south
512,0.5203530192375183,north and west
513,0.5747051239013672,nose and throat
514,0.6479623317718506,novelist and poet
515,0.6116270422935486,novels and stories
516,0.6478522419929504,novels and tales
517,0.5987887382507324,pad and pencil
518,0.5766844153404236,pain and pressure
519,0.5788882970809937,pain and shame
520,0.5563113689422607,paper and pen
521,0.5521142482757568,peace and quiet
522,0.6229791045188904,pepper and salt
523,0.5957186818122864,piano and violin
524,0.5816393494606018,pitch and volume
525,0.5676648020744324,place and time
526,0.6152867078781128,plans and projects
527,0.6030797958374023,poetry and prose
528,0.5523769855499268,politics and religion
529,0.5832535028457642,power and resources
530,0.6050559282302856,pressure and temperature
531,0.6295091509819031,prose and verse
532,0.6032375693321228,radar and radio
533,0.5587490797042847,radio and television
534,0.5289943218231201,research and training
535,0.6145491003990173,rights and wrongs
536,0.5666025280952454,rock and roll
537,0.6512376070022583,sailors and soldiers
538,0.5786855220794678,shoes and socks
539,0.6255658864974976,shower and tub
540,0.6470156908035278,sidewalks and streets
541,0.5818827152252197,sights and sounds
542,0.5738565921783447,son and wife
543,0.5287022590637207,south and west
544,0.584391713142395,spring and summer
545,0.5910381078720093,stress and tension
546,0.5842126607894897,sunrise and sunset
547,0.6320399045944214,sympathy and understanding
548,0.6433807611465454,teaching and writing
549,0.6298292875289917,testament and will
550,0.6041646003723145,turns and twists
551,0.6286962032318115,vinegar and water
552,0.5764217972755432,wisdom and wit
553,0.6070299744606018,skirt and sweater
554,0.5781663656234741,linen and silk
555,0.5567106604576111,checks and money
556,0.6528862714767456,calluses and corns
557,0.5838400721549988,action and motion
558,0.5557317733764648,brain and intelligence
559,0.565154492855072,conduct and manners
560,0.611885130405426,completeness and unity
561,0.6234676837921143,hostility and indifference
562,0.5894596576690674,depth and force
563,0.5550682544708252,hours and miles
564,0.6114295721054077,movements and speech
565,0.6732068657875061,schools and synagogues
566,0.6631278991699219,arrangers and composers
567,0.6015558838844299,happiness and laughter
568,0.6491248607635498,diagrams and sketches
569,0.606542706489563,pail and shovel
570,0.608079195022583,candies and cookies
571,0.635240912437439,county and village
572,0.6097370386123657,charm and variety
573,0.7386957406997681,bouquets and wreaths
574,0.6637395024299622,beech and elm
575,0.6311805248260498,complexity and obscurity
576,0.594394326210022,devotion and effort
577,0.6661136150360107,alibis and excuses
578,0.5872315764427185,file and rank
579,0.6247063279151917,integrity and unity
580,0.6255233287811279,flowers and hearts
581,0.6598343849182129,grapefruit and oranges
582,0.6268165707588196,Kingston and Montreal
583,0.6250869631767273,folklore and legend
584,0.5981214046478271,doctors and fathers
585,0.6889156103134155,contraction and dilation
586,0.5853230357170105,ships and weapons
587,0.6830312013626099,funnels and masts
588,0.587221622467041,law and sovereignty
589,0.6500135064125061,assurance and dignity
590,0.5205031633377075,friends and partners
591,0.703731894493103,receivers and senders
592,0.6373626589775085,authority and force
593,0.6600052118301392,trees and underbrush
594,0.6577609181404114,bacon and coffee
595,0.6258498430252075,december and may
596,0.5692144632339478,grains and seeds
597,0.5888941287994385,beauty and color
598,0.6136656999588013,legs and torso
599,0.588677167892456,transportation and utilities
600,0.6254761219024658,hardships and trials
601,0.5523110032081604,science and tactics
602,0.6656123399734497,neighborhood and school
603,0.5943056344985962,irony and satire
604,0.6300472617149353,kitchen and pantry
605,0.6768385171890259,astronomy and geology
606,0.5814419984817505,feet and heads
607,0.6174696683883667,snow and water
608,0.5383520126342773,back and hips
609,0.6624759435653687,bombers and missiles
610,0.5806066989898682,argument and debate
611,0.6401969194412231,doubts and suspicions
612,0.565964937210083,laborers and servants
613,0.5965172052383423,arms and faces
614,0.6084796190261841,chrome and glass
615,0.6500414609909058,paris and washington
616,0.522168755531311,arm and back
617,0.5286967158317566,emotion and meaning
618,0.6186054944992065,bushes and vines
619,0.6390419602394104,authority and independence
620,0.6388722658157349,crises and problems
621,0.5948802828788757,bathrobe and slippers
622,0.6358547210693359,generalists and specialists
623,0.6468844413757324,boredom and loneliness
624,0.6135849356651306,excitement and fatigue
625,0.5705580115318298,fun and pleasure
626,0.6432948112487793,individualism and socialism
627,0.5662966966629028,fields and homes
628,0.540972113609314,brow and cheeks
629,0.6059458255767822,certainty and security
630,0.5990991592407227,artist and critic
631,0.6138633489608765,20s and 30s
632,0.6376592516899109,brick and glass
633,0.5927009582519531,gas and light
634,0.6342364549636841,dentist and doctor
635,0.6221592426300049,bourbon and water
636,0.5796321630477905,cuts and wounds
637,0.646479606628418,palm and pine
638,0.566826343536377,fish and vegetable
639,0.6127963662147522,initials and names
640,0.6082460880279541,fury and pain
641,0.5936819314956665,gentleness and sweetness
642,0.6231811046600342,experiences and reactions
643,0.5999048352241516,bitterness and disappointment
644,0.6242351531982422,comedy and satire
645,0.6086691617965698,enthusiasm and warmth
646,0.5968790054321289,body and breath
647,0.6094955801963806,beauty and brains
648,0.6206450462341309,hotels and pensions
649,0.6448774933815002,imagination and originality
650,0.5197641253471375,ears and hair
651,0.6156854033470154,importance and validity
652,0.5758386850357056,money and papers
653,0.6546754240989685,pies and puddings
654,0.6209549903869629,eloquence and force
655,0.6161248683929443,blossom and leaf
656,0.6434803009033203,desolation and misery
657,0.5820465087890625,boots and jacket
658,0.6513235569000244,confusions and contradictions
659,0.5971476435661316,flames and sparks
660,0.5912815928459167,danger and threat
661,0.5691669583320618,determination and faith
662,0.6825372576713562,berlin and frankfurt
663,0.5512877702713013,clothes and dishes
664,0.6255925297737122,comfort and companionship
665,0.5655634999275208,background and interest
666,0.5626440644264221,glass and rubber
667,0.5981897711753845,color and scent
668,0.5896965265274048,interest and payments
669,0.6262978315353394,gambling and vice
670,0.6384862661361694,activities and places
671,0.5869672298431396,elegance and purity
672,0.621924638748169,leaves and limbs
673,0.5935943126678467,power and trade
674,0.5787788033485413,games and races
675,0.569330632686615,evenings and sundays
676,0.5628335475921631,activity and nature
677,0.5872763395309448,sun and weather
678,0.6158285140991211,leather and paper
679,0.6038483381271362,anguish and rage
680,0.62879478931427,shooting and yelling
681,0.6489749550819397,arches and piers
682,0.637728214263916,investment and risk
683,0.6092120409011841,control and growth
684,0.621808648109436,happiness and pain
685,0.5613674521446228,Egypt and Europe
686,0.5866397023200989,order and truth
687,0.5793910026550293,factories and industries
688,0.5666029453277588,name and year
689,0.594723641872406,river and sky
690,0.6155309081077576,detection and removal
691,0.6248650550842285,breakfast and luncheon
692,0.6419191360473633,attitude and experience
693,0.6323992013931274,pilot and plane
694,0.6484655141830444,malaria and typhoid
695,0.5601621270179749,technology and time
696,0.6337575912475586,economist and historian
697,0.6432090997695923,muskets and swords
698,0.5964969992637634,character and wisdom
699,0.6976245045661926,azaleas and camellias
700,0.6352618932723999,silence and space
701,0.5918567776679993,fingers and mouth
702,0.6016212105751038,power and variety
703,0.6623930931091309,cliches and stereotypes
704,0.5651106834411621,habits and movements
705,0.5999999642372131,shirt and waistcoat
706,0.6103567481040955,boardinghouses and hotels
707,0.655956506729126,stucco and wood
708,0.6030111312866211,activities and character
709,0.5971034169197083,happiness and warmth
710,0.652696967124939,fulfillment and pleasure
711,0.596148669719696,means and motives
712,0.5999037623405457,fear and relief
713,0.6408934593200684,despair and futility
714,0.5991225242614746,ash and maple
715,0.6406794190406799,beauty and inspiration
716,0.6589710116386414,clippings and pictures
717,0.6588560342788696,liquids and powders
718,0.6314926147460938,domination and influence
719,0.5916539430618286,action and conversation
720,0.6009283661842346,pattern and sequence
721,0.6306842565536499,detective and police
722,0.600888192653656,church and graveyard
723,0.5922510027885437,gardens and lawn
724,0.5651986002922058,powers and processes
725,0.6660168170928955,machinery and tractors
726,0.61709064245224,ammo and weapons
727,0.6288027167320251,clay and wax
728,0.6419538855552673,associations and enterprises
729,0.6294023394584656,grace and modesty
730,0.6078667044639587,brains and talent
731,0.6425254344940186,comedy and humor
732,0.6001824140548706,certainty and order
733,0.6114414930343628,discretion and moderation
734,0.657265841960907,attention and civility
735,0.6040105819702148,captain and leader
736,0.5678209662437439,control and intelligence
737,0.594041109085083,grease and sweat
738,0.6653069257736206,comprehension and control
739,0.6336929202079773,hallucinations and visions
740,0.6022518873214722,commands and statements
741,0.517096996307373,cost and upkeep
742,0.5716530680656433,men and objects
743,0.5916906595230103,fragrance and taste
744,0.6630196571350098,betrayal and murder
745,0.6140519976615906,bacteria and insects
746,0.5915376543998718,confusion and congestion
747,0.5663946866989136,facts and techniques
748,0.580048143863678,anger and spite
749,0.5641378164291382,money and numbers
750,0.6778361201286316,boulders and ledges
751,0.6171775460243225,abolition and emancipation
752,0.6156045794487,nationalism and sovereignty
753,0.6258289813995361,tensions and uncertainties
754,0.650778591632843,beauty and poise
755,0.5645451545715332,background and intelligence
756,0.5810917615890503,battle and bloodshed
757,0.6369259357452393,fairness and moderation
758,0.5169001221656799,back and behind
759,0.6359983682632446,apprehension and terror
760,0.587174654006958,head and teeth
761,0.5991790890693665,cod and salmon
762,0.6855021715164185,archaeologists and geologists
763,0.6467138528823853,chopping and sawing
764,0.6014569997787476,anxiety and dismay
765,0.5703558921813965,resources and riches
766,0.6058312058448792,personnel and ships
767,0.6515861749649048,bandits and outlaws
768,0.6215258836746216,secrecy and stealth
769,0.6431236267089844,soldiers and subjects
770,0.6702582240104675,barges and towboats
771,0.6343708038330078,celebration and ritual
772,0.6330873966217041,searching and yearning
773,0.5644328594207764,letters and magazines
774,0.6040400862693787,flight and terror
775,0.60699462890625,gaiety and spirit
776,0.6182574033737183,disdain and indifference
777,0.6589477062225342,liberalism and progress
778,0.5949828624725342,blame and hate
779,0.5478636622428894,color and imagery
780,0.6478013396263123,intonation and phrasing
781,0.6620292663574219,abasement and humiliation
782,0.6824233531951904,commercialism and materialism
783,0.6384570002555847,education and industrialization
784,0.6264209747314453,foreboding and gloom
785,0.5985821485519409,firepower and speed
786,0.6118127703666687,fervor and abandon
787,0.5630354285240173,age and ability
788,0.6337515711784363,desire and ability
789,0.5837022066116333,strength and ability
790,0.5713402032852173,aircraft and accessories
791,0.6832209229469299,tannin and acids
792,0.6164717674255371,authentication and acknowledgment
793,0.5888131856918335,interests and action
794,0.5721799731254578,character and action
795,0.6109296679496765,feelings and actions
796,0.5359651446342468,cycles and adaptations
797,0.5472337603569031,names and addresses
798,0.5990965366363525,advocate and adherent
799,0.6040672659873962,romance and adventure
800,0.559493362903595,day and age
801,0.6149067878723145,individuals and agencies
802,0.6133936643600464,hostility and aggression
803,0.613632321357727,contracts and agreements
804,0.5305706262588501,backgrounds and aims
805,0.5941327810287476,ships and aircraft
806,0.6244983077049255,expressiveness and allegory
807,0.644194483757019,collectors and amateurs
808,0.5871038436889648,froth and amber
809,0.6936900615692139,fears and ambiguities
810,0.6711958646774292,urgencies and ambiguities
811,0.6021250486373901,poverty and ambition
812,0.5595748424530029,death and ambush
813,0.523434579372406,guns and ammunition
814,0.5197399854660034,pride and amusement
815,0.6255664825439453,anxiety and anger
816,0.5935525298118591,fear and anger
817,0.6025136709213257,hatred and anger
818,0.6337670087814331,indignation and anger
819,0.5863351821899414,science and angst
820,0.5583456754684448,pain and anguish
821,0.6355303525924683,resistance and animosity
822,0.64578777551651,engineer and anthropologist
823,0.6188361048698425,psychology and anthropology
824,0.6374978423118591,hazards and anxiety
825,0.6076374053955078,cosmetics and appliances
826,0.617916464805603,fear and apprehension
827,0.6132024526596069,learning and apprenticeship
828,0.705369234085083,tombs and aqueducts
829,0.5636922121047974,hands and arms
830,0.555126965045929,legs and arms
831,0.6115286350250244,crosses and arrows
832,0.6497031450271606,establishment and articulation
833,0.6045133471488953,crafts and arts
834,0.6074228286743164,sciences and arts
835,0.6171272993087769,dignity and aspirations
836,0.6404715776443481,confidante and assistant
837,0.5580341815948486,culture and attitude
838,0.6433688402175903,conflict and attraction
839,0.6660494208335876,repulsions and attractions
840,0.545810878276825,uncle and aunt
841,0.62196946144104,denial and austerity
842,0.5759333372116089,decency and authority
843,0.6365631818771362,dancers and background
844,0.5784246325492859,box and bale
845,0.541303277015686,friends and bankers
846,0.5613085031509399,death and bankruptcy
847,0.6434550285339355,coop and barnyard
848,0.5531215667724609,stakes and barriers
849,0.7139331102371216,horse-chestnut and beech
850,0.6091851592063904,greetings and beginnings
851,0.6597157716751099,chambermaid and bellboy
852,0.6544470191001892,sponsor and benefactor
853,0.6113062500953674,gardens and berries
854,0.6316489577293396,forearm and bicep
855,0.6129434704780579,youth and bitterness
856,0.6472083330154419,rasps and bleats
857,0.661319375038147,pills and bleedings
858,0.7290177345275879,two-by-fours and boards
859,0.6022920608520508,mount and boy
860,0.6069162487983704,communiques and cables
861,0.5417870283126831,comfort and cakes
862,0.6300510764122009,detachment and calmness
863,0.6057628393173218,isolation and capture
864,0.6453033685684204,wanderings and career
865,0.6156041026115417,tile and carpet
866,0.7520961761474609,non-catholics and catholics
867,0.6838216781616211,exhortations and ceremonies
868,0.5700965523719788,floor and chair
869,0.6407009363174438,contracts and charters
870,0.6516326665878296,pineapple and cherries
871,0.600544810295105,hobo and childhood
872,0.6960335373878479,glee-club and choir
873,0.6120835542678833,verses and chorus
874,0.6509750485420227,reexamination and clarification
875,0.593272864818573,flavor and clarity
876,0.6175944805145264,meeting and clash
877,0.6882681846618652,mathematician and classicist
878,0.7050988674163818,probings and classifications
879,0.7080993056297302,parishioners and clergymen
880,0.5683397054672241,cook and clerk
881,0.6248120665550232,postmasters and clerks
882,0.5583042502403259,haircut and clothes
883,0.6313316822052002,decorations and clothing
884,0.63116455078125,munich and cologne
885,0.5808510780334473,customers and community
886,0.6373081207275391,willingness and competence
887,0.6313757300376892,tranquility and composure
888,0.6112832427024841,inquiry and concern
889,0.593370795249939,delight and contemplation
890,0.6516695022583008,scream and contortion
891,0.5495573878288269,needs and control
892,0.6143395900726318,decor and costume
893,0.6121478080749512,virility and courage
894,0.5625288486480713,square and courthouse
895,0.580849289894104,pillows and cover
896,0.6361396908760071,veils and coverings
897,0.5945078134536743,towels and covers
898,0.6498560905456543,rancher and cowboy
899,0.6171536445617676,madness and criminality
900,0.6440038681030273,destruction and crisis
901,0.599433422088623,rustle and cry
902,0.610416054725647,foreboding and curiosity
903,0.6271330118179321,rhythms and currents
904,0.6313568353652954,guests and dancers
905,0.5967892408370972,nuisance and danger
906,0.5756149291992188,misfortune and defeat
907,0.6613507866859436,illness and delirium
908,0.6599797010421753,ignorance and denial
909,0.6854981184005737,sacrifices and denials
910,0.6246477961540222,outcasts and derelicts
911,0.6135951280593872,outline and design
912,0.5669030547142029,response and desire
913,0.5831113457679749,wishing and desire
914,0.6312334537506104,localisms and dialects
915,0.595801055431366,mink and diamonds
916,0.6592939496040344,gentleness and diffidence
917,0.5615862011909485,moment and direction
918,0.6143543124198914,truth and directness
919,0.6883206367492676,impasse and disarray
920,0.6593860983848572,sufferings and disasters
921,0.6431979537010193,misunderstanding and disrespect
922,0.5703356266021729,tone and distinction
923,0.5693692564964294,president and doctors
924,0.5781093835830688,grandchildren and dogs
925,0.5617250800132751,sill and door
926,0.5694512128829956,models and drawing
927,0.6603924036026001,wine and dregs
928,0.6260255575180054,dust and dryness
929,0.6951394081115723,peanuts and emeralds
930,0.6491116881370544,proprietors and employees
931,0.5840204954147339,pencil and envelope
932,0.6051209568977356,hurt and envy
933,0.6388183236122131,relativism and equality
934,0.5960394144058228,musket and equipment
935,0.5995680093765259,love and exasperation
936,0.6239181756973267,hayfields and farms
937,0.6264026761054993,mountains and farms
938,0.626200795173645,ritual and fear
939,0.6572282910346985,fixers and felons
940,0.6222832202911377,scientists and fishermen
941,0.6448180675506592,romance and flirtation
942,0.5701618194580078,voice and force
943,0.69422847032547,patriotism and foresight
944,0.6136243939399719,mess and form
945,0.6491298079490662,israel and freedom
946,0.5798205733299255,tenants and friends
947,0.6830088496208191,merchandise and furs
948,0.657870888710022,prowess and gadgets
949,0.6215784549713135,livestock and garden
950,0.6569194197654724,pavilion and garden
951,0.6515107750892639,riverbanks and gardens
952,0.5742727518081665,housing and gardens
953,0.5890018939971924,rushes and gasps
954,0.65294349193573,principle and gentility
955,0.6401025056838989,heritage and gift
956,0.6051267385482788,signal and glance
957,0.6622791290283203,lullaby and goodnight
958,0.5987858176231384,truth and gossip
959,0.6113275289535522,manners and graces
960,0.6788265705108643,great-grandfather and grandfather
961,0.6706913113594055,pettiness and greed
962,0.5745377540588379,shouting and gunfire
963,0.6021819114685059,hinge and handle
964,0.5322751998901367,tunic and hat
965,0.7166153192520142,prancing and head-tossing
966,0.6357787847518921,legend and hearsay
967,0.6112695932388306,outcry and heat
968,0.6463941931724548,jazz and hillbilly
969,0.6914790868759155,japan and holland
970,0.6611992716789246,rosebush and honeysuckle
971,0.5690006613731384,smiles and hope
972,0.6831442713737488,kissings and huggings
973,0.6133486032485962,proportion and humor
974,0.6755176782608032,involvement and immersion
975,0.627941370010376,shock and incredulity
976,0.6488159894943237,petulance and inertia
977,0.670114278793335,injury and ingratitude
978,0.6036831140518188,judgement and instinct
979,0.6149735450744629,mentality and intelligence
980,0.686906635761261,rhythms and intensities
981,0.6005584001541138,quality and interconnectedness
982,0.5965944528579712,sandalwood and ivory
983,0.6551080942153931,marijuana and jazz
984,0.606910765171051,regret and jubilation
985,0.5732740163803101,spirit and juice
986,0.7141730189323425,yachts and ketches
987,0.5552608966827393,scale and kind
988,0.5620352029800415,motor and lights
989,0.6355929374694824,therapist and linguist
990,0.653471052646637,psychiatry and linguistics
991,0.7029956579208374,psychotherapists and linguists
992,0.6376312971115112,thread and lint
993,0.5906153321266174,luxury and liquor
994,0.6670532822608948,tyrant and madman
995,0.5545534491539001,travel and maintenance
996,0.639059841632843,registers and maps
997,0.664131760597229,signs and marquees
998,0.6424906849861145,relevance and meaningfulness
999,0.5808110237121582,technique and mechanics
1000,0.6306585669517517,yeast and medicines
1001,0.6392343640327454,teamsters and miners
1002,0.6050525903701782,persecution and misunderstanding
1003,0.6987638473510742,redecorating and modernizing
1004,0.6032792925834656,stress and nagging
1005,0.5850850343704224,specialties and names
1006,0.6324019432067871,sentiment and nationalism
1007,0.6704950928688049,politeness and neighborliness
1008,0.6521557569503784,roses and nightingales
1009,0.7110657095909119,poetry and non-poetry
1010,0.6608971357345581,retreat and onrush
1011,0.6548541784286499,practicality and optimism
1012,0.5904970169067383,shocks and pains
1013,0.6412336826324463,sculptures and painting
1014,0.5817083716392517,rhythm and passage
1015,0.6597142219543457,psychiatrists and patients
1016,0.5765527486801147,subscription and patronage
1017,0.6453145146369934,rehabilitation and peace
1018,0.5880135893821716,telephone and pen
1019,0.6164930462837219,soils and people
1020,0.6388702392578125,tonics and pills
1021,0.6278027296066284,posture and poise
1022,0.6394640803337097,traditions and powers
1023,0.5517975687980652,services and preparations
1024,0.6419138312339783,salesmen and promoters
1025,0.5559795498847961,sight and reason
1026,0.6604001522064209,withdrawal and reference
1027,0.5718840956687927,violence and retribution
1028,0.6777023673057556,snobbery and romance
1029,0.65611732006073,whiskey and salt
1030,0.6077054738998413,welts and scars
1031,0.6327641010284424,Swiss and Scots
1032,0.5828982591629028,shades and screens
1033,0.6200429797172546,wires and seals
1034,0.7414976358413696,self-confidence and self-aggrandisement
1035,0.748023271560669,softness and self-indulgence
1036,0.6257631778717041,wasteland and sky
1037,0.5834534764289856,tears and song
1038,0.5970819592475891,spring and sparkle
1039,0.6870006322860718,swellings and sprains
1040,0.6310305595397949,urinals and stalls
1041,0.614348828792572,tuberculosis and starvation
1042,0.6114397644996643,suicide and starvation
1043,0.6132267713546753,tea and sushi
1044,0.5905148983001709,worry and suspense
1045,0.6789323091506958,wind-velocity and temperature
1046,0.5680067539215088,terror and tension
1047,0.6168192625045776,women and unhappiness
1048,0.6292693018913269,viability and usefulness
1049,0.5484762191772461,will and vitality
1050,0.631084680557251,uncles and aunts
1051,0.5681297779083252,shoulders and back
1052,0.6039649844169617,eggs and bacon
1053,0.5990996360778809,grill and bar
1054,0.6080560684204102,oats and barley
1055,0.5781614184379578,boxes and barrels
1056,0.6501270532608032,dignity and beauty
1057,0.5951217412948608,truth and beauty
1058,0.6051132678985596,youth and beauty
1059,0.5678702592849731,existence and being
1060,0.5717454552650452,chest and belly
1061,0.5478672385215759,white and black
1062,0.5970404148101807,flesh and blood
1063,0.6105791926383972,guts and blood
1064,0.5698549747467041,ships and boats
1065,0.5474745035171509,faces and bodies
1066,0.5777016282081604,face and body
1067,0.5766987800598145,head and body
1068,0.5287802219390869,mind and body
1069,0.6011340618133545,flesh and bone
1070,0.6153131723403931,muscle and bone
1071,0.6489147543907166,skulls and bones
1072,0.589112401008606,shoes and boots
1073,0.5574412941932678,girls and boys
1074,0.5571094155311584,men and boys
1075,0.607616126537323,butter and bread
1076,0.6394882798194885,cheese and bread
1077,0.6006554961204529,dinner and breakfast
1078,0.6407982110977173,groom and bride
1079,0.5754674673080444,mother and brother
1080,0.6241767406463623,sister and brother
1081,0.593856692314148,sisters and brothers
1082,0.5938006043434143,trees and brush
1083,0.6042046546936035,pies and cakes
1084,0.6347337365150452,horses and cattle
1085,0.5972209572792053,consequence and cause
1086,0.5573443174362183,effect and cause
1087,0.5648412704467773,walls and ceiling
1088,0.6059679388999939,dollars and cents
1089,0.5952867269515991,table and chair
1090,0.643395721912384,sofas and chairs
1091,0.5613194108009338,table and chairs
1092,0.6007896661758423,situations and characters
1093,0.5581765174865723,maps and charts
1094,0.5565104484558105,stomach and chest
1095,0.5442652106285095,husband and child
1096,0.5571282505989075,wife and child
1097,0.5866239070892334,infancy and childhood
1098,0.6078814268112183,decision and choice
1099,0.5813233852386475,community and church
1100,0.556437611579895,country and city
1101,0.6165423393249512,county and city
1102,0.5553984045982361,state and city
1103,0.6132978200912476,precision and clarity
1104,0.5564348101615906,friends and classmates
1105,0.6548711657524109,drawers and closets
1106,0.560994029045105,hat and coat
1107,0.6595343351364136,sandwiches and coffee
1108,0.60973060131073,toast and coffee
1109,0.5874495506286621,school and college
1110,0.6145632266998291,university and college
1111,0.5622292160987854,light and color
1112,0.578077495098114,texture and color
1113,0.5771450996398926,forms and colors
1114,0.5875506401062012,ease and comfort
1115,0.6605055332183838,goings and comings
1116,0.5826370120048523,control and command
1117,0.5502104163169861,steel and concrete
1118,0.622765064239502,fear and confusion
1119,0.6061637997627258,turmoil and confusion
1120,0.6401268243789673,religion and conscience
1121,0.5701526999473572,friend and contemporary
1122,0.5968164205551147,crime and corruption
1123,0.6176478266716003,masks and costumes
1124,0.6435374021530151,tobacco and cotton
1125,0.6297580599784851,governor and council
1126,0.5939093828201294,towns and counties
1127,0.6192097663879395,hope and courage
1128,0.6162206530570984,uncles and cousins
1129,0.6335819363594055,nooks and crannies
1130,0.6510180234909058,peaches and cream
1131,0.6320576071739197,poverty and crime
1132,0.6021440625190735,punishment and crime
1133,0.5857816934585571,violence and crime
1134,0.6536272764205933,livestock and crops
1135,0.661593496799469,tumors and cysts
1136,0.6504402756690979,poultry and dairy
1137,0.5844229459762573,light and dark
1138,0.5467134118080139,events and dates
1139,0.5957500338554382,son and daughter
1140,0.588638961315155,night and day
1141,0.5745536088943481,nights and days
1142,0.5593013763427734,years and days
1143,0.5798950791358948,life and death
1144,0.6124803423881531,discussion and debate
1145,0.6392714381217957,liberty and democracy
1146,0.5520187020301819,rage and despair
1147,0.5434284210205078,research and development
1148,0.5819074511528015,treatment and diagnosis
1149,0.6340022087097168,rubies and diamonds
1150,0.566972553730011,sweat and dirt
1151,0.5700822472572327,thought and discussion
1152,0.5572982430458069,pain and distress
1153,0.5728616714477539,men and dogs
1154,0.5925388336181641,windows and doorways
1155,0.5757201910018921,fears and doubts
1156,0.629124104976654,plans and dreams
1157,0.559610903263092,eyes and ears
1158,0.5828855037689209,sky and earth
1159,0.6024847030639648,publishing and editing
1160,0.6002020239830017,publisher and editor
1161,0.5775672793388367,skill and education
1162,0.5509316325187683,resources and effort
1163,0.5791064500808716,ham and eggs
1164,0.5708518624305725,knees and elbows
1165,0.5479533672332764,odds and ends
1166,0.5949916243553162,money and energy
1167,0.6169217824935913,scientists and engineers
1168,0.603664755821228,personnel and equipment
1169,0.5669834017753601,trial and error
1170,0.6276078224182129,omissions and errors
1171,0.47530969977378845,morning and evening
1172,0.5036642551422119,everything and everybody
1173,0.5792585611343384,time and expense
1174,0.5327845811843872,face and eyes
1175,0.5565649271011353,hair and eyes
1176,0.5920032262802124,figure and face
1177,0.6032037138938904,figures and facts
1178,0.5798406004905701,life and faith
1179,0.5727845430374146,love and faith
1180,0.588999330997467,rise and fall
1181,0.5631970763206482,winter and fall
1182,0.6383015513420105,neighborhood and family
1183,0.5588818192481995,fields and farms
1184,0.5223342180252075,mother and father
1185,0.5509710907936096,son and father
1186,0.5762144923210144,uncle and father
1187,0.5685372352600098,mothers and fathers
1188,0.5700497031211853,thoughts and feelings
1189,0.5537171363830566,hands and feet
1190,0.556951642036438,legs and feet
1191,0.5331636071205139,male and female
1192,0.6042091250419617,poetry and fiction
1193,0.5879923105239868,stream and field
1194,0.5510439872741699,words and figures
1195,0.5791865587234497,thumb and fingers
1196,0.5921803712844849,light and fire
1197,0.6055231094360352,police and fire
1198,0.6002717018127441,smoke and flame
1199,0.6011417508125305,smoke and flames
1200,0.6136138439178467,skin and flesh
1201,0.5998533964157104,herbs and flowers
1202,0.6169193387031555,plants and flowers
1203,0.5938810110092163,mist and fog
1204,0.6115957498550415,shelter and food
1205,0.5563411116600037,violence and force
1206,0.6416362524032593,thumb and forefinger
1207,0.6331731677055359,spoon and fork
1208,0.5931561589241028,materials and forms
1209,0.5791840553283691,security and freedom
1210,0.5567420125007629,relations and friends
1211,0.559730052947998,nuts and fruit
1212,0.5579177141189575,vegetables and fruits
1213,0.559495210647583,games and fun
1214,0.5742889046669006,past and future
1215,0.5958966612815857,oil and gas
1216,0.5517617464065552,ladies and gentlemen
1217,0.6215373277664185,tonic and gin
1218,0.5571314692497253,steel and glass
1219,0.5940977334976196,man and god
1220,0.521121621131897,services and goods
1221,0.5820218920707703,joy and gratitude
1222,0.628878653049469,individuals and groups
1223,0.5755664110183716,information and guidance
1224,0.609560489654541,teeth and gums
1225,0.5756537318229675,skin and hair
1226,0.5711874961853027,knees and hands
1227,0.5300595164299011,shoulders and head
1228,0.5564752817153931,tail and head
1229,0.6133562326431274,spirits and health
1230,0.5466420650482178,sight and hearing
1231,0.5576671957969666,mind and heart
1232,0.5900034308433533,son and heir
1233,0.5991193056106567,understanding and help
1234,0.6159191131591797,identity and history
1235,0.5970909595489502,milk and honey
1236,0.629858672618866,wagons and horses
1237,0.6050385236740112,shops and houses
1238,0.6313409805297852,pride and humility
1239,0.6074228286743164,wife and husband
1240,0.5544770956039429,wives and husbands
1241,0.626100480556488,snow and ice
1242,0.556154727935791,water and ice
1243,0.544244110584259,land and improvements
1244,0.5685263872146606,time and inclination
1245,0.5731250047683716,power and influence
1246,0.652747392654419,prestige and influence
1247,0.5597087740898132,material and information
1248,0.5964272618293762,paper and ink
1249,0.5658553838729858,wood and iron
1250,0.5692037343978882,trousers and jacket
1251,0.6503816246986389,jellies and jams
1252,0.6153415441513062,teeth and jaws
1253,0.578387975692749,pleasure and joy
1254,0.6257181167602539,quantity and kind
1255,0.63632732629776,skills and knowledge
1256,0.5777779817581177,money and labor
1257,0.5335452556610107,sea and land
1258,0.6356052756309509,takeoffs and landings
1259,0.5582696795463562,order and law
1260,0.569130003452301,writer and lecturer
1261,0.5541599988937378,right and left
1262,0.5754639506340027,quality and length
1263,0.5605208277702332,weight and length
1264,0.6219708323478699,museums and libraries
1265,0.6160823106765747,religion and life
1266,0.6097260117530823,shadow and light
1267,0.5852698683738708,sound and light
1268,0.5650069117546082,size and location
1269,0.5742320418357849,power and machinery
1270,0.5759737491607666,newspapers and magazines
1271,0.6729398965835571,superstition and magic
1272,0.6837071180343628,papa and mamma
1273,0.5902434587478638,nature and man
1274,0.5990719795227051,wife and man
1275,0.5676300525665283,woman and man
1276,0.5755242705345154,science and math
1277,0.549496054649353,origin and meaning
1278,0.5787529945373535,officers and men
1279,0.5622967481613159,women and men
1280,0.5987627506256104,principles and methods
1281,0.6168110370635986,vitamins and minerals
1282,0.5818691253662109,pain and misery
1283,0.5568656325340271,time and money
1284,0.5560754537582397,years and months
1285,0.5725690126419067,sun and moon
1286,0.5414290428161621,night and morning
1287,0.5535175204277039,son and mother
1288,0.6495530009269714,nostrils and mouth
1289,0.6057062149047852,positions and movements
1290,0.7106773853302002,mrs. and mr.
1291,0.5659160017967224,nerves and muscles
1292,0.6270506978034973,numbers and names
1293,0.5588932037353516,size and nature
1294,0.5902890563011169,thread and needle
1295,0.5586857795715332,weekends and nights
1296,0.6192193031311035,oxygen and nitrogen
1297,0.5331365466117859,south and north
1298,0.5277811288833618,west and north
1299,0.5743383169174194,throat and nose
1300,0.6205834746360779,poet and novelist
1301,0.5323135256767273,stories and novels
1302,0.5973339080810547,tales and novels
1303,0.6335283517837524,pencil and pad
1304,0.5884912610054016,pressure and pain
1305,0.6129093170166016,shame and pain
1306,0.5786008238792419,pen and paper
1307,0.5518509149551392,quiet and peace
1308,0.5990182161331177,salt and pepper
1309,0.5891485810279846,violin and piano
1310,0.5258655548095703,volume and pitch
1311,0.5684940814971924,time and place
1312,0.559596061706543,projects and plans
1313,0.5845632553100586,prose and poetry
1314,0.604807436466217,religion and politics
1315,0.5562546849250793,resources and power
1316,0.6453276872634888,temperature and pressure
1317,0.5755982398986816,verse and prose
1318,0.5643367171287537,radio and radar
1319,0.600061297416687,television and radio
1320,0.536725640296936,training and research
1321,0.6053935289382935,wrongs and rights
1322,0.5561313629150391,roll and rock
1323,0.6216109991073608,soldiers and sailors
1324,0.5802304744720459,socks and shoes
1325,0.5952868461608887,tub and shower
1326,0.618861198425293,streets and sidewalks
1327,0.5978505611419678,sounds and sights
1328,0.5696719884872437,wife and son
1329,0.5397446155548096,west and south
1330,0.6184335350990295,summer and spring
1331,0.63350510597229,tension and stress
1332,0.5820196866989136,sunset and sunrise
1333,0.5986400842666626,understanding and sympathy
1334,0.595521092414856,writing and teaching
1335,0.5587713718414307,will and testament
1336,0.5851407051086426,twists and turns
1337,0.57333904504776,water and vinegar
1338,0.5421684384346008,wit and wisdom
1339,0.6121213436126709,sweater and skirt
1340,0.58332359790802,silk and linen
1341,0.557935357093811,money and checks
1342,0.6576415300369263,corns and calluses
1343,0.6065742373466492,motion and action
1344,0.5445516109466553,intelligence and brain
1345,0.591112494468689,manners and conduct
1346,0.5986602306365967,unity and completeness
1347,0.6316147446632385,indifference and hostility
1348,0.594416081905365,force and depth
1349,0.5907433032989502,miles and hours
1350,0.581311047077179,speech and movements
1351,0.6661064028739929,synagogues and schools
1352,0.6771456599235535,composers and arrangers
1353,0.5659142732620239,laughter and happiness
1354,0.6519566774368286,sketches and diagrams
1355,0.6329660415649414,shovel and pail
1356,0.6386954188346863,cookies and candies
1357,0.647035539150238,village and county
1358,0.6079680919647217,variety and charm
1359,0.7161734104156494,wreaths and bouquets
1360,0.6682040691375732,elm and beech
1361,0.6442745923995972,obscurity and complexity
1362,0.5999609231948853,effort and devotion
1363,0.6693612337112427,excuses and alibis
1364,0.5979432463645935,rank and file
1365,0.573265790939331,unity and integrity
1366,0.6141489744186401,hearts and flowers
1367,0.6567399501800537,oranges and grapefruit
1368,0.6128836870193481,Montreal and Kingston
1369,0.6175048351287842,legend and folklore
1370,0.6133517622947693,fathers and doctors
1371,0.6670380234718323,dilation and contraction
1372,0.5837259292602539,weapons and ships
1373,0.6919838190078735,masts and funnels
1374,0.6663405895233154,sovereignty and law
1375,0.6615949869155884,dignity and assurance
1376,0.5644687414169312,partners and friends
1377,0.6502211093902588,senders and receivers
1378,0.5948407053947449,force and authority
1379,0.6366552114486694,underbrush and trees
1380,0.6663918495178223,coffee and bacon
1381,0.6119034886360168,may and december
1382,0.5799378156661987,seeds and grains
1383,0.5392125844955444,color and beauty
1384,0.6111417412757874,torso and legs
1385,0.5783891677856445,utilities and transportation
1386,0.6033748388290405,trials and hardships
1387,0.620684802532196,tactics and science
1388,0.5730898380279541,school and neighborhood
1389,0.6100966334342957,satire and irony
1390,0.6202766299247742,pantry and kitchen
1391,0.6390565037727356,geology and astronomy
1392,0.5935949683189392,heads and feet
1393,0.5726215243339539,water and snow
1394,0.5182144045829773,hips and back
1395,0.6297734975814819,missiles and bombers
1396,0.6170880794525146,debate and argument
1397,0.6685926914215088,suspicions and doubts
1398,0.5752789974212646,servants and laborers
1399,0.5914391875267029,faces and arms
1400,0.6034160256385803,glass and chrome
1401,0.6457827687263489,washington and paris
1402,0.5160192251205444,back and arm
1403,0.46985703706741333,meaning and emotion
1404,0.6237454414367676,vines and bushes
1405,0.5954081416130066,independence and authority
1406,0.6470661759376526,problems and crises
1407,0.6163201928138733,slippers and bathrobe
1408,0.6503634452819824,specialists and generalists
1409,0.6471526026725769,loneliness and boredom
1410,0.6099018454551697,fatigue and excitement
1411,0.6228451728820801,pleasure and fun
1412,0.6822850108146667,socialism and individualism
1413,0.6154603958129883,homes and fields
1414,0.5742697715759277,cheeks and brow
1415,0.566161036491394,security and certainty
1416,0.6275362372398376,critic and artist
1417,0.6172693967819214,30s and 20s
1418,0.6040453314781189,glass and brick
1419,0.6096363067626953,light and gas
1420,0.5785245299339294,doctor and dentist
1421,0.5829470753669739,water and bourbon
1422,0.625603199005127,wounds and cuts
1423,0.6022499203681946,pine and palm
1424,0.6396507620811462,vegetable and fish
1425,0.5758624076843262,names and initials
1426,0.578556478023529,pain and fury
1427,0.6339097023010254,sweetness and gentleness
1428,0.6199848651885986,reactions and experiences
1429,0.6277565956115723,disappointment and bitterness
1430,0.6273590326309204,satire and comedy
1431,0.5619345307350159,warmth and enthusiasm
1432,0.6079204678535461,breath and body
1433,0.6079443097114563,brains and beauty
1434,0.6102741360664368,pensions and hotels
1435,0.6087862253189087,originality and imagination
1436,0.5207402110099792,hair and ears
1437,0.6113555431365967,validity and importance
1438,0.566889226436615,papers and money
1439,0.64150071144104,puddings and pies
1440,0.6098965406417847,force and eloquence
1441,0.6110984086990356,leaf and blossom
1442,0.6608572006225586,misery and desolation
1443,0.5770592093467712,jacket and boots
1444,0.687240481376648,contradictions and confusions
1445,0.6212438941001892,sparks and flames
1446,0.5993316769599915,threat and danger
1447,0.5840104222297668,faith and determination
1448,0.689521849155426,frankfurt and berlin
1449,0.5456681847572327,dishes and clothes
1450,0.6726782917976379,companionship and comfort
1451,0.5757706165313721,interest and background
1452,0.6129476428031921,rubber and glass
1453,0.6399894952774048,scent and color
1454,0.6082279682159424,payments and interest
1455,0.5803840756416321,vice and gambling
1456,0.5863669514656067,places and activities
1457,0.5841716527938843,purity and elegance
1458,0.6317518353462219,limbs and leaves
1459,0.6034850478172302,trade and power
1460,0.6227604150772095,races and games
1461,0.5868047475814819,sundays and evenings
1462,0.564362108707428,nature and activity
1463,0.5785448551177979,weather and sun
1464,0.5759211778640747,paper and leather
1465,0.5703577995300293,rage and anguish
1466,0.6217596530914307,yelling and shooting
1467,0.6814476251602173,piers and arches
1468,0.5717013478279114,risk and investment
1469,0.6093563437461853,growth and control
1470,0.5824877023696899,pain and happiness
1471,0.5442559719085693,Europe and Egypt
1472,0.592436671257019,truth and order
1473,0.5557466745376587,industries and factories
1474,0.5477502346038818,year and name
1475,0.5758431553840637,sky and river
1476,0.6154710650444031,removal and detection
1477,0.634032666683197,luncheon and breakfast
1478,0.6365980505943298,experience and attitude
1479,0.5936259031295776,plane and pilot
1480,0.666448175907135,typhoid and malaria
1481,0.5576106309890747,time and technology
1482,0.6397480964660645,historian and economist
1483,0.6635148525238037,swords and muskets
1484,0.6197501420974731,wisdom and character
1485,0.7106561660766602,camellias and azaleas
1486,0.5999386310577393,space and silence
1487,0.5667198896408081,mouth and fingers
1488,0.6305851340293884,variety and power
1489,0.6919857263565063,stereotypes and cliches
1490,0.5571637153625488,movements and habits
1491,0.6255549192428589,waistcoat and shirt
1492,0.644339382648468,hotels and boardinghouses
1493,0.6184086203575134,wood and stucco
1494,0.5654088258743286,character and activities
1495,0.5704776048660278,warmth and happiness
1496,0.6216521263122559,pleasure and fulfillment
1497,0.6056299805641174,motives and means
1498,0.5926499366760254,relief and fear
1499,0.6302551031112671,futility and despair
1500,0.6339903473854065,maple and ash
1501,0.6350736021995544,inspiration and beauty
1502,0.6798393130302429,pictures and clippings
1503,0.6504052877426147,powders and liquids
1504,0.6384986639022827,influence and domination
1505,0.6550772190093994,conversation and action
1506,0.6001554131507874,sequence and pattern
1507,0.5683971643447876,police and detective
1508,0.655993640422821,graveyard and church
1509,0.5821833610534668,lawn and gardens
1510,0.6067390441894531,processes and powers
1511,0.6499679088592529,tractors and machinery
1512,0.5700904130935669,weapons and ammo
1513,0.6351993680000305,wax and clay
1514,0.5942881107330322,enterprises and associations
1515,0.6251923441886902,modesty and grace
1516,0.6025776863098145,talent and brains
1517,0.6497997045516968,humor and comedy
1518,0.5720849633216858,order and certainty
1519,0.6503360271453857,moderation and discretion
1520,0.6580542922019958,civility and attention
1521,0.5628026723861694,leader and captain
1522,0.562836229801178,intelligence and control
1523,0.5727031230926514,sweat and grease
1524,0.5830355882644653,control and comprehension
1525,0.6142537593841553,visions and hallucinations
1526,0.6061953902244568,statements and commands
1527,0.5762063264846802,upkeep and cost
1528,0.5692377686500549,objects and men
1529,0.5628129243850708,taste and fragrance
1530,0.6367768049240112,murder and betrayal
1531,0.6531914472579956,insects and bacteria
1532,0.6197896599769592,congestion and confusion
1533,0.615331768989563,techniques and facts
1534,0.6269038915634155,spite and anger
1535,0.6033926606178284,numbers and money
1536,0.6503498554229736,ledges and boulders
1537,0.6409767866134644,emancipation and abolition
1538,0.6505715847015381,sovereignty and nationalism
1539,0.6552064418792725,uncertainties and tensions
1540,0.6261130571365356,poise and beauty
1541,0.5701059103012085,intelligence and background
1542,0.6224587559700012,bloodshed and battle
1543,0.6681227087974548,moderation and fairness
1544,0.5233893394470215,behind and back
1545,0.5692821741104126,terror and apprehension
1546,0.62281733751297,teeth and head
1547,0.6322782635688782,salmon and cod
1548,0.6352323889732361,geologists and archaeologists
1549,0.6164649724960327,sawing and chopping
1550,0.6092792749404907,dismay and anxiety
1551,0.6196575164794922,riches and resources
1552,0.5680041313171387,ships and personnel
1553,0.6105729937553406,outlaws and bandits
1554,0.6084932088851929,stealth and secrecy
1555,0.6214345693588257,subjects and soldiers
1556,0.6762369275093079,towboats and barges
1557,0.607511043548584,ritual and celebration
1558,0.6008850932121277,yearning and searching
1559,0.6041793823242188,magazines and letters
1560,0.591203510761261,terror and flight
1561,0.5991460680961609,spirit and gaiety
1562,0.6212155818939209,indifference and disdain
1563,0.6134307980537415,progress and liberalism
1564,0.5439625382423401,hate and blame
1565,0.6052061319351196,imagery and color
1566,0.6953396797180176,phrasing and intonation
1567,0.6623091101646423,humiliation and abasement
1568,0.6828581690788269,materialism and commercialism
1569,0.6515383124351501,industrialization and education
1570,0.6341249942779541,gloom and foreboding
1571,0.5689575672149658,speed and firepower
