binom,Alpha Probs,Nonalpha Probs,ProbAandB,log_odds
men and women,-29.126765877008438,-33.58077093958855,0.9885018579710666,4.454005062580109
black and white,-37.41476008947939,-39.30089932586998,0.8683147017199858,1.8861392363905907
day and night,-38.27004326507449,-38.728129632771015,0.6125601113047063,0.45808636769652367
boys and girls,-20.309338182210922,-21.835961014032364,0.8215116567526851,1.5266228318214417
left and right,-17.692391499876976,-19.903063416481018,0.901203767406806,2.210671916604042
female and male,-38.26627542451024,-38.70422410219908,0.6077701333025424,0.43794867768883705
father and mother,-35.11849341914058,-33.46160330623388,0.16017990413378508,-1.6568901129066944
goods and services,-50.875271409749985,-56.425820022821426,0.9961297122078479,5.550548613071442
north and south,-44.531439144164324,-45.787920992821455,0.7784198831392866,1.2564818486571312
development and research,-55.381427295506,-49.45966054871678,0.002673294636346486,-5.921766746789217
place and time,-43.42231793794781,-42.44417491275817,0.2732604034047719,-0.9781430251896381
death and life,-41.451443881727755,-36.724259288050234,0.008773697039213586,-4.727184593677521
brothers and sisters,-44.42282825708389,-47.15993079543114,0.9391808034847522,2.7371025383472443
husband and wife,-53.293169614858925,-55.29433276318014,0.8809191470094796,2.0011631483212113
gas and oil,-55.75648005306721,-55.8045379370451,0.5120121591830493,0.048057883977890015
pepper and salt,-41.05648823082447,-37.397498205304146,0.025111675563549575,-3.6589900255203247
fall and rise,-65.8402238972485,-60.29353614524007,0.003885201151094291,-5.546687752008438
arms and legs,-44.17169225215912,-45.693743377923965,0.82084032073124,1.5220511257648468
fruits and vegetables,-47.455680288374424,-50.42740797251463,0.9512804106925867,2.9717276841402054
arts and sciences,-52.51573437452316,-55.63865485787392,0.9578283536811854,3.122920483350754
gentlemen and ladies,-58.80096459388733,-55.84347754716873,0.049383843377033575,-2.9574870467185974
feelings and thoughts,-50.46913564950228,-48.7168282866478,0.14775640841689205,-1.7523073628544807
diagnosis and treatment,-53.84153574705124,-56.145728290081024,0.9092236688707863,2.304192543029785
groups and individuals,-41.91861414909363,-39.83852505683899,0.1110471716026002,-2.0800890922546387
knowledge and skills,-50.04069244861603,-49.797702461481094,0.4395496474878123,-0.24298998713493347
heart and mind,-41.43541160225868,-42.23198160529137,0.6892402938318959,0.7965700030326843
influence and power,-40.44885572604835,-39.868887189775705,0.3589398335005677,-0.579968536272645
Africa and Asia,-49.95217415690422,-51.412731021642685,0.8116178310206893,1.4605568647384644
addresses and names,-66.04394360072911,-64.57796509750187,0.18755463134392653,-1.4659785032272339
poetry and prose,-36.69585198909044,-36.96898278594017,0.5678613489850641,0.27313079684972763
forefinger and thumb,-52.40285937394947,-51.50398462382145,0.28928179144760285,-0.8988747501280159
minerals and vitamins,-28.853155232965946,-25.7941402643919,0.04482986333367483,-3.059014968574047
fall and winter,-64.10198338422924,-65.09101015143096,0.7288956477954317,0.9890267672017217
light and shadow,-37.812265768647194,-41.118477895855904,0.9646413094549747,3.3062121272087097
honey and milk,-47.3833314627409,-44.44213279336691,0.05015413933691585,-2.941198669373989
nose and throat,-45.45145012065768,-46.18682386726141,0.6759833947702408,0.7353737466037273
anger and fear,-42.98698108829558,-43.10782205313444,0.5301735326277236,0.12084096483886242
head and tail,-43.22550144791603,-44.95678925514221,0.8495770708019648,1.731287807226181
novels and stories,-36.67323273420334,-37.00157330930233,0.5813555585063449,0.3283405750989914
sunrise and sunset,-32.64884349703789,-35.83503597974777,0.9603113568803825,3.1861924827098846
sympathy and understanding,-59.77605581283569,-59.07478083111346,0.3315296086129154,-0.7012749817222357
shoes and socks,-49.828055553138256,-51.84707170724869,0.8827792390326724,2.0190161541104317
equipment and personnel,-65.66039915010333,-65.96094327233732,0.5745755266233785,0.30054412223398685
eyes and face,-66.04635268449783,-65.07170397043228,0.273954885229781,-0.9746487140655518
ink and paper,-34.74126014858484,-36.96936435252428,0.9027450419217348,2.228104203939438
muscles and nerves,-46.921533189713955,-48.17541389167309,0.777970906294746,1.2538807019591331
charts and maps,-77.63348498940468,-77.32627122849226,0.42379497350415657,-0.30721376091241837
elbows and knees,-30.743854135274887,-29.853117793798447,0.2909578957779735,-0.8907363414764404
Christmas and Easter,-35.439233869314194,-35.20997989177704,0.44293621391785853,-0.22925397753715515
nature and size,-45.44019036926329,-45.07252059318125,0.4091042055893427,-0.3676697760820389
gums and teeth,-36.07573788613081,-32.12874289229512,0.018946737597126194,-3.9469949938356876
chairs and sofas,-35.817974753677845,-33.74386898428202,0.11163919550044035,-2.0741057693958282
characters and situations,-40.574106991291046,-45.83138591051102,0.9948175370240656,5.257278919219971
joy and pleasure,-44.182421499397606,-44.052626237273216,0.46759666277335715,-0.1297952621243894
Thursday and Tuesday,-53.53597939759493,-48.23031937330961,0.004938907291577069,-5.3056600242853165
barley and oats,-52.90829384326935,-51.69725853204727,0.2295179158268975,-1.2110353112220764
beauty and dignity,-46.23192658275366,-44.9070341847837,0.2100054775351926,-1.3248923979699612
boats and ships,-38.351522356271744,-40.4843819886446,0.8940561773121265,2.132859632372856
misery and pain,-50.66188320238143,-50.000364480540156,0.3403985343163326,-0.6615187218412757
bones and skulls,-30.533867044374347,-30.090677469968796,0.3909812205062293,-0.44318957440555096
dairy and poultry,-51.91082732193172,-51.048047525342554,0.2967588938555282,-0.8627797965891659
being and existence,-52.93544039130211,-54.289103001356125,0.7947277750775774,1.3536626100540161
radar and radio,-35.87787729501724,-35.1592139005661,0.3276873804625075,-0.7186633944511414
humility and pride,-41.80310360342264,-41.91953954845667,0.5290761441069597,0.1164359450340271
pitch and volume,-47.311260018497705,-49.30438277684152,0.8800731186431252,1.9931227583438158
skirt and sweater,-41.91922499239445,-41.95516136288643,0.5089831258927269,0.035936370491981506
linen and silk,-58.17727176845074,-59.72009512595832,0.8238747835545602,1.5428233575075865
checks and money,-63.75163057260215,-66.91702703014016,0.9595111169424851,3.1653964575380087
calluses and corns,-37.34021255746484,-36.716775976121426,0.349000258703078,-0.6234365813434124
action and motion,-52.929175436496735,-52.55446398258209,0.4074030606556844,-0.37471145391464233
brain and intelligence,-59.31553043425083,-60.93586879968643,0.8348417892519661,1.6203383654356003
conduct and manners,-41.40870061516762,-41.37161599844694,0.49072990820114676,-0.03708461672067642
completeness and unity,-55.93266636878252,-53.66114691644907,0.09350933576936137,-2.2715194523334503
hostility and indifference,-46.58581504225731,-49.469695657491684,0.9470438214943965,2.883880615234375
depth and force,-52.37392616271973,-53.295437309890985,0.715349912269652,0.9215111471712589
hours and miles,-41.40536247193813,-39.18557295203209,0.09798740619062604,-2.219789519906044
movements and speech,-57.53079378604889,-56.54382134974003,0.27151049275791433,-0.9869724363088608
schools and synagogues,-52.113478309474885,-48.64642451237887,0.030264328262422438,-3.467053797096014
arrangers and composers,-40.918495655059814,-39.71726260241121,0.2312559359224929,-1.201233052648604
happiness and laughter,-49.495881544426084,-49.192978989332914,0.4248480832512548,-0.3029025550931692
diagrams and sketches,-36.55215632915497,-33.78161084651947,0.05893675196622024,-2.770545482635498
pail and shovel,-64.03725584410131,-64.97307974519208,0.718255333582934,0.935823901090771
candies and cookies,-48.79675071965903,-49.4138155693654,0.6495507004799711,0.6170648497063667
county and village,-57.61856347322464,-59.3735890686512,0.8525855558961181,1.7550255954265594
charm and variety,-31.70859856158495,-33.97727895528078,0.9062497325746968,2.2686803936958313
bouquets and wreaths,-56.70241439901292,-55.35373656824231,0.20608661435188014,-1.3486778307706118
beech and elm,-59.84074330329895,-60.15189341083169,0.5771659644821766,0.31115010753273964
complexity and obscurity,-54.41644766367972,-57.03743176162243,0.9321999310421863,2.62098409794271
devotion and effort,-56.033249359577894,-55.991995736956596,0.4896880567613575,-0.041253622621297836
alibis and excuses,-45.01607792824507,-45.52270441129804,0.6240153109863199,0.506626483052969
body and mind,-36.218511532992125,-35.87036408111453,0.41383173114575245,-0.348147451877594
man and woman,-34.30769109725952,-37.85808950662613,0.972088238169325,3.5503984093666077
law and order,-35.16756048053503,-40.415686160326004,0.9947701321622692,5.248125679790974
cause and effect,-53.99188905954361,-62.37690359354019,0.9997717896508619,8.385014533996582
radio and television,-52.00314603373408,-53.54591327905655,0.8238666412409771,1.542767245322466
feet and hands,-36.51771091669798,-32.32462418824434,0.014874997901416633,-4.193086728453636
money and time,-53.02340343594551,-50.301992893218994,0.06172172817476675,-2.7214105427265167
blood and flesh,-55.312585949897766,-47.534155767410994,0.00041849368248575257,-7.7784301824867725
god and man,-46.208083406090736,-44.96726180613041,0.22429300674493005,-1.2408215999603271
brother and sister,-30.170989263802767,-32.409301187843084,0.9036375663027536,2.2383119240403175
father and son,-49.71301482617855,-52.24646620452404,0.9264538667148414,2.5334513783454895
men and officers,-62.65149925649166,-63.113829135894775,0.6135667425491721,0.4623298794031143
south and west,-45.13456302508712,-45.99903650581837,0.7035944445457032,0.8644734807312489
error and trial,-42.194528326392174,-33.02211393415928,0.00010385464794898067,-9.172414392232895
arts and crafts,-40.67575703188777,-45.772111654281616,0.9939182025248018,5.0963546223938465
pressure and temperature,-28.700576201081276,-27.889268592000008,0.3076119221477732,-0.8113076090812683
days and nights,-39.69495877623558,-43.06542485952377,0.966768668281179,3.3704660832881927
land and sea,-29.315405070781708,-32.188949435949326,0.9465230379469128,2.873544365167618
north and west,-31.71030819416046,-32.19628167152405,0.6191574288414863,0.4859734773635864
spring and summer,-30.22159719467163,-31.95943385362625,0.8504120724391584,1.7378366589546204
magazines and newspapers,-31.280480936169624,-29.55948843061924,0.1517433668425989,-1.7209925055503845
hands and knees,-42.66111615486443,-51.30235308408737,0.9998233629652281,8.641236929222941
moon and sun,-37.67108854651451,-36.85383002460003,0.30634590927758326,-0.8172585219144821
fathers and mothers,-55.60919163376093,-51.80227694660425,0.02173376771567456,-3.8069146871566772
city and county,-43.293375596404076,-44.82465352118015,0.8221932129245189,1.5312779247760773
ears and eyes,-50.20105181261897,-47.824457477778196,0.08497499664752362,-2.3765943348407745
college and school,-41.080962002277374,-38.142630368471146,0.0502908974755187,-2.9383316338062286
college and university,-30.63642919063568,-33.09783947467804,0.9213918688635546,2.4614102840423584
dark and light,-51.61850596126169,-50.025274955667555,0.16892980255739964,-1.5932310055941343
future and past,-58.16868358850479,-56.27939611673355,0.13132573279861431,-1.8892874717712402
evening and morning,-58.50364124774933,-54.00557291507721,0.011007952411052156,-4.498068332672119
ice and snow,-53.542038947343826,-51.84576552733779,0.15495260481254045,-1.6962734200060368
husbands and wives,-36.12003034353256,-39.07049918174744,0.9502856423668791,2.9504688382148743
boys and men,-28.005396388471127,-27.589529953897,0.39750629791138375,-0.4158664345741272
bread and butter,-46.50619041360915,-52.124018497765064,0.9963806253785034,5.617828084155917
head and shoulders,-57.99971550703049,-58.772124379873276,0.6840417507945719,0.7724088728427887
rock and roll,-38.68457742035389,-48.277965664863586,0.9999318266219308,9.593388244509697
testament and will,-39.00083529949188,-30.058336198329926,0.00013069688032628777,-8.942499101161957
engineers and scientists,-31.471956368535757,-29.52304294332862,0.12467188644836882,-1.948913425207138
man and wife,-39.93154177069664,-45.286385893821716,0.9952970165750066,5.354844123125076
arms and hands,-43.12069424986839,-40.83377268910408,0.09221191934333718,-2.2869215607643127
math and science,-36.051385313272476,-36.946887612342834,0.7100243474853474,0.8955022990703583
son and wife,-27.15297058224678,-23.12424437701702,0.017485790866466535,-4.028726205229759
fingers and thumb,-43.10069262981415,-42.91514930129051,0.45374678581740924,-0.18554332852363586
flesh and skin,-44.69591560959816,-44.02902540564537,0.3391935255003403,-0.6668902039527893
life and religion,-42.23449021577835,-42.26411837339401,0.5074064976094307,0.02962815761566162
conscience and religion,-55.120607145130634,-54.77165589481592,0.4136367632305518,-0.3489512503147125
pain and pressure,-28.935800805687904,-31.331339180469513,0.9164864489482074,2.3955383747816086
integrity and unity,-53.82757657580078,-52.395814357325435,0.19282425867188954,-1.4317622184753418
flowers and hearts,-33.117005318403244,-31.08919247984886,0.1163135402177519,-2.0278128385543823
grapefruit and oranges,-35.07597282528877,-35.686588168144226,0.6480811573232761,0.6106153428554535
folklore and legend,-54.45757645368576,-53.976375073194504,0.3819684768812703,-0.4812013804912567
doctors and fathers,-35.5064395070076,-35.96275722980499,0.6121402749482137,0.4563177227973938
contraction and dilation,-50.520692087709904,-49.168090246617794,0.20544532814077646,-1.3526018410921097
ships and weapons,-56.586947940289974,-58.37812500167638,0.8570715270621007,1.7911770613864064
funnels and masts,-35.63656882941723,-34.841399567201734,0.31105980769883124,-0.7951692622154951
law and sovereignty,-48.86281433701515,-49.96443584561348,0.7505638041587819,1.1016215085983276
assurance and dignity,-60.242244869470596,-56.69974711537361,0.028126929317264824,-3.542497754096985
mr. and mrs.,-39.93313393788412,-45.104719661176205,0.9943564684031627,5.1715857232920825
bride and groom,-33.66906985640526,-35.664561450481415,0.8803229110346079,1.9954915940761566
feet and legs,-42.84849339723587,-43.09533894062042,0.5613999299329159,0.246845543384552
peace and quiet,-43.09018762409687,-51.070934772491455,0.9996581330985665,7.980747148394585
daughter and son,-49.89766599237919,-48.91654071211815,0.2726685605291706,-0.9811252802610397
ends and odds,-69.48539747484028,-55.97425085864961,1.355760546790533e-06,-13.511146616190672
city and state,-30.97922819852829,-34.6151382625103,0.974317066204455,3.63591006398201
facts and figures,-49.854878425598145,-52.92382496595383,0.9555934907516423,3.0689465403556824
man and nature,-39.35688012838364,-42.07172334194183,0.9378968471404898,2.714843213558197
prose and verse,-40.74945577979088,-39.587848380208015,0.23837533497610422,-1.1616073995828629
body and head,-60.383981650695205,-57.080684727057815,0.03545825842719281,-3.30329692363739
command and control,-40.73411151766777,-41.624716222286224,0.709014946606834,0.890604704618454
child and wife,-32.263954758644104,-26.00657218694687,0.0019125898883548954,-6.257382571697235
aunt and uncle,-46.034157425165176,-48.13368731737137,0.8908574784187792,2.099529892206192
cattle and horses,-40.78671472729184,-40.4525994323194,0.4172396467033149,-0.33411529497243464
politics and religion,-41.76298425719142,-41.962437868118286,0.5496987532825673,0.19945361092686653
July and June,-56.454222083091736,-50.46415585279465,0.0024972463853554366,-5.990066230297089
sailors and soldiers,-55.1293722987175,-53.32077005505562,0.14080714209741824,-1.8086022436618805
English and German,-36.59569591283798,-36.62998123653233,0.5085704914008219,0.034285323694348335
food and shelter,-32.078873842954636,-34.57473945617676,0.9238514753750456,2.495865613222122
sights and sounds,-38.933099552989006,-43.605035960674286,0.9907325504546644,4.67193640768528
comings and goings,-31.367459483561106,-36.04704627208412,0.9908025298510454,4.679586788523011
heir and son,-36.91206741333008,-32.24429786205292,0.00930578613947163,-4.667769551277161
coat and hat,-65.90985321998596,-65.62053561210632,0.4281709361593584,-0.28931760787963867
crime and punishment,-40.27527555823326,-45.177477329969406,0.9926245953404433,4.902201771736145
earth and sky,-41.30475660413504,-46.76001811027527,0.9957444282667435,5.455261506140232
faith and love,-44.95592139661312,-44.10157337784767,0.29852155751509674,-0.8543480187654495
mother and son,-29.27337756752968,-30.633548825979233,0.7957875302913134,1.3601712584495544
cents and dollars,-41.34942337870598,-38.25509911775589,0.04334198167608698,-3.0943242609500885
turns and twists,-34.09652231447399,-29.735272504389286,0.012601600065932864,-4.361249810084701
fire and police,-36.723169073462486,-35.078239813447,0.1617954528029066,-1.6449292600154877
months and years,-42.27375376224518,-43.73891669511795,0.8123210620959507,1.4651629328727722
editor and publisher,-56.29010779410601,-56.027995087206364,0.434844429149662,-0.26211270689964294
aunts and uncles,-30.178111160872504,-31.63895195769146,0.8116612387842239,1.4608407968189567
research and training,-37.81187719106674,-39.41934609413147,0.8330596802897531,1.6074689030647278
eyes and hair,-44.718749690800905,-42.2753190677613,0.07992028423444728,-2.4434306230396032
methods and principles,-46.568648129701614,-47.63223895430565,0.7433761583293312,1.0635908246040344
city and country,-34.80627988278866,-35.34182466566563,0.6307754134167087,0.5355447828769684
bread and cheese,-43.72680938243866,-46.55122545361519,0.9439810503032928,2.824416071176529
location and size,-52.58385882899165,-51.440480671823025,0.24170066729577608,-1.1433781571686268
childhood and infancy,-51.151370495557785,-45.34706500172615,0.0030054874630128037,-5.8043054938316345
morning and night,-28.748186580836773,-31.35420399904251,0.9312478478247047,2.606017418205738
council and governor,-47.722136706113815,-46.20279287546873,0.1795581640033436,-1.5193438306450844
age and day,-50.53167712688446,-42.96201503276825,0.0005156007522934121,-7.569662094116211
body and face,-60.614609740674496,-60.393615793436766,0.4449752740716506,-0.22099394723773003
hair and skin,-40.47126758098602,-40.99316397309303,0.6275910991834569,0.5218963921070099
nitrogen and oxygen,-22.496844248846173,-23.88678491488099,0.8005827706528522,1.3899406660348177
piano and violin,-38.036638259887695,-38.541043758392334,0.6234940797899052,0.5044054985046387
ceiling and walls,-37.91709040105343,-36.96442334353924,0.2783487716074885,-0.9526670575141907
color and texture,-35.39757518470287,-37.390358582139015,0.8800372963713492,1.992783397436142
everybody and everything,-42.66583776473999,-40.20747232437134,0.07882894894728,-2.4583654403686523
bacon and eggs,-61.78488287329674,-62.89634135365486,0.7524009172635762,1.1114584803581238
paper and pen,-45.9541587382555,-44.25900253653526,0.155098952339745,-1.6951562017202377
concrete and steel,-47.437804117798805,-45.818468406796455,0.1652965041377898,-1.6193357110023499
color and light,-33.76958379894495,-34.31028149276972,0.6319747041703297,0.5406976938247681
friends and relations,-42.767166554927826,-48.16560071706772,0.9954967126192827,5.398434162139893
boots and shoes,-37.94123336672783,-37.002650916576385,0.2811867699594056,-0.9385824501514435
hearing and sight,-39.413331620395184,-38.75963734090328,0.3421575234339041,-0.6536942794919014
expense and time,-42.295274674892426,-39.08566477894783,0.03880568264651834,-3.2096098959445953
flowers and plants,-52.36844094982371,-52.31021175766364,0.4854468137774729,-0.05822919216006994
beauty and truth,-49.942864656448364,-48.32460796833038,0.16544543454927932,-1.618256688117981
bone and flesh,-59.82206779718399,-61.03195768594742,0.7702794655521096,1.2098898887634277
doubts and fears,-36.71955410577357,-37.52708503603935,0.6915831110904476,0.8075309302657843
light and sound,-38.20539763383567,-39.79027854069136,0.8298946631042167,1.5848809068556875
beauty and youth,-38.994344145059586,-38.591730400919914,0.40068452207081573,-0.4026137441396713
fiction and poetry,-32.071507474407554,-32.804626163095236,0.6754892739011239,0.7331186886876822
needle and thread,-22.69387160241604,-27.82751253247261,0.9941394901851109,5.133640930056572
back and shoulders,-28.943082060664892,-31.36904503777623,0.9187858052294702,2.4259629771113396
crime and violence,-35.74424809217453,-34.28763008117676,0.18898513668596545,-1.4566180109977722
force and violence,-36.54256385564804,-36.78225341439247,0.559637144482267,0.23968955874443054
eggs and ham,-50.68581572175026,-50.03302952647209,0.3423619495397858,-0.6527861952781677
bone and muscle,-36.85601791739464,-37.9873970746994,0.7560933278765052,1.1313791573047638
debate and discussion,-48.45783233642578,-46.50296652317047,0.12402375933432,-1.95486581325531
errors and omissions,-49.9271518047899,-52.55861812829971,0.9328594475230885,2.6314663235098124
brother and mother,-29.800984799861908,-26.64520213007927,0.04086402859549872,-3.1557826697826385
face and figure,-45.796457171440125,-48.21053743362427,0.9178947115925092,2.414080262184143
chairs and table,-49.01919460296631,-47.138219118118286,0.13227686751735082,-1.8809754848480225
ammunition and guns,-56.88107621669769,-53.06552577018738,0.02155091563684927,-3.815550446510315
Concord and Lexington,-36.78122420608997,-39.15359650552273,0.9146961464190986,2.3723722994327545
ice and water,-56.84913498163223,-54.015955567359924,0.055557335848841635,-2.8331794142723083
fun and games,-35.87061883509159,-39.84456653892994,0.9815478107748392,3.9739477038383484
breakfast and dinner,-37.83899761992507,-41.6364154224284,0.9780633953471258,3.7974178025033325
comfort and ease,-53.59154233336449,-52.949004381895065,0.3446730575427909,-0.6425379514694214
father and uncle,-30.090068995952606,-33.33985257148743,0.9626653349689153,3.2497835755348206
health and spirits,-59.51960524171591,-63.10905657708645,0.9731285376953394,3.5894513353705406
names and numbers,-50.626260578632355,-54.25458511710167,0.9741265666735821,3.6283245384693146
rights and wrongs,-29.946955148130655,-36.1861866414547,0.9980524457930395,6.239231493324041
crannies and nooks,-49.516372196376324,-43.870912451297045,0.0035210816826868586,-5.645459745079279
power and resources,-40.830362021923065,-42.19270969927311,0.7961409918711775,1.3623476773500443
flame and smoke,-34.72037760913372,-34.11563475430012,0.3532593544567263,-0.6047428548336029
faith and life,-44.97028973698616,-43.917500764131546,0.2586899012195357,-1.0527889728546143
wisdom and wit,-60.70684218406677,-60.43823820352554,0.4332498478240115,-0.26860398054122925
novelist and poet,-50.373051673173904,-47.99628248810768,0.08496140228651693,-2.376769185066223
Arizona and California,-54.862645626068115,-54.90736222267151,0.5111772867285763,0.044716596603393555
crops and livestock,-36.20646320655942,-36.76238288730383,0.6355079085066732,0.5559196807444096
glass and steel,-40.58085895329714,-41.093404583632946,0.6254030397865522,0.5125456303358078
bar and grill,-29.48004987835884,-33.93815520405769,0.9885483680699231,4.4581053256988525
influence and prestige,-39.638615131378174,-38.85815155506134,0.3142199833528602,-0.7804635763168335
cotton and tobacco,-40.3853492885828,-44.59799586236477,0.9854089236614069,4.212646573781967
church and community,-34.25008387491107,-33.81650051660836,0.3932709841128746,-0.43358335830271244
courage and hope,-35.429690062999725,-34.20749473571777,0.2275503445137042,-1.222195327281952
teaching and writing,-40.59833735227585,-40.22820981219411,0.40851020374653446,-0.3701275400817394
gin and tonic,-50.630780920386314,-59.16481536626816,0.9998033787141943,8.534034445881844
brush and trees,-44.740586280822754,-43.23490130901337,0.181579160735859,-1.5056849718093872
pad and pencil,-45.69185334444046,-47.106435775756836,0.8044877073999767,1.4145824313163757
chair and table,-33.853876017034054,-32.905794844031334,0.2792708772644369,-0.9480811730027199
houses and shops,-34.83749036770314,-38.24098768737167,0.9678136565691609,3.4034973196685314
libraries and museums,-43.450816329568624,-42.920524425804615,0.37044880868764896,-0.5302919037640095
flames and smoke,-36.453079387545586,-35.315135685727,0.24269809983538332,-1.1379437018185854
guidance and information,-43.83512468636036,-42.902646601200104,0.2824222353081366,-0.9324780851602554
stress and tension,-57.55187419243157,-58.828109638765454,0.7818082847641316,1.2762354463338852
days and years,-40.368184089660645,-38.93382370471954,0.19242019479067762,-1.434360384941101
actions and feelings,-37.826161324977875,-37.81443041563034,0.4970673062947391,-0.01173090934753418
energy and money,-60.303198397159576,-61.1455936729908,0.6989694488345345,0.8423952758312225
anguish and pain,-34.71412026695907,-32.23904609493911,0.07762415177414676,-2.4750741720199585
colors and forms,-45.833969473838806,-45.81806921958923,0.4960250201828194,-0.015900254249572754
meaning and origin,-49.77117085456848,-48.69691681303084,0.254594925230256,-1.0742540415376425
freedom and security,-38.235582649707794,-37.846845269203186,0.4040212875569024,-0.38873738050460815
gratitude and joy,-37.30592162720859,-36.66675468161702,0.34543487675021084,-0.639166945591569
mamma and papa,-49.42937396466732,-52.73774118721485,0.9647147428635356,3.308367222547531
length and weight,-60.54602751135826,-61.69064635038376,0.7585266538016647,1.1446188390254974
anger and hatred,-39.6275600194931,-40.45265951752663,0.6953177485128179,0.8250994980335236
aircraft and ships,-42.33556091785431,-39.0129998922348,0.03480527120976642,-3.322561025619507
sidewalks and streets,-60.01583331823349,-55.664561957120895,0.012726365668008804,-4.351271361112595
democracy and liberty,-70.37016483023763,-69.1124492622912,0.22136739513060688,-1.257715567946434
iron and wood,-43.983034491539,-44.88776117563248,0.7119198683087724,0.9047266840934753
horses and wagons,-45.55680148070678,-48.048713711090386,0.9235728887315816,2.4919122303836048
clarity and precision,-38.93210160732269,-38.00697576999664,0.28391462186563693,-0.9251258373260498
flowers and herbs,-26.2881863117218,-26.63163936138153,0.5850290653726182,0.343453049659729
confusion and fear,-34.558223366737366,-34.19392120838165,0.40991853510877013,-0.3643021583557129
jaws and teeth,-59.9053780734539,-60.92234420776367,0.7343812180805176,1.0169661343097687
counties and towns,-39.805359959602356,-40.21945136785507,0.6020685148446756,0.41409140825271606
bodies and faces,-46.756679117679596,-47.33113610744476,0.6397909649226348,0.5744569897651672
ability and desire,-38.82862511277199,-40.29205045849085,0.8120560135122588,1.4634253457188606
chest and stomach,-41.57304605655372,-42.61687472462654,0.7395880743233824,1.0438286680728197
Illinois and Missouri,-33.865048214793205,-33.11276650428772,0.32032433092201207,-0.7522817105054855
jams and jellies,-34.362323135486804,-37.53335164487362,0.9597293541562357,3.171028509386815
Tories and Whigs,-54.3278473764658,-48.65850826725364,0.0034382821208336556,-5.66933910921216
dogs and men,-34.957449396606535,-37.049025991000235,0.8900817685527775,2.0915765943937004
discussion and thought,-32.76105189695954,-30.347109016031027,0.08211564260424424,-2.4139428809285164
distress and pain,-37.683762962929904,-35.60150045808405,0.11083280296515619,-2.0822625048458576
mouth and nostrils,-56.10365229845047,-58.780776649713516,0.9356632333130075,2.6771243512630463
cakes and pies,-50.497064262628555,-51.14079397916794,0.6555960808006167,0.6437297165393829
adventure and romance,-38.7024522125721,-38.90701708197594,0.5509636192077868,0.2045648694038391
agreements and contracts,-50.87583829835057,-49.56186207011342,0.21182223792322286,-1.313976228237152
crime and poverty,-43.70528140664101,-42.38722039014101,0.21114107068947102,-1.3180610164999962
cousins and uncles,-41.62742463906761,-40.38776291906834,0.22449487375018046,-1.239661719999276
fire and light,-61.22594401985407,-63.86615828424692,0.93340528430635,2.640214264392853
child and husband,-25.325538024306297,-20.80873292684555,0.01080582723388785,-4.516805097460747
vinegar and water,-44.664056330919266,-44.41376531124115,0.437751870549265,-0.25029101967811584
fork and spoon,-45.04409623146057,-46.38915020227432,0.7933198365447377,1.3450539708137512
Burma and India,-38.28861618041992,-39.582258462905884,0.7847630452189289,1.293642282485962
fruit and nuts,-49.87302565574646,-51.11074085533619,0.7751660613058166,1.2377151995897293
ability and strength,-31.972944855690002,-30.225122809410095,0.14832211227013833,-1.7478220462799072
agencies and individuals,-23.4440997838974,-25.603303253650665,0.8965256798484522,2.1592034697532654
coffee and sandwiches,-38.17673386516981,-41.16683339886367,0.9521248474108074,2.990099533693865
coffee and toast,-32.33534089848399,-33.45684375986457,0.7542673753842354,1.121502861380577
anger and anxiety,-30.416829138994217,-28.775241315364838,0.16224912293318183,-1.6415878236293793
apprehension and fear,-37.73879729915643,-36.769632673531305,0.2750470413523219,-0.9691646256251261
figures and words,-36.44267937541008,-38.5339537858963,0.8900522005382385,2.0912744104862213
blood and guts,-42.01482164859772,-45.761700332164764,0.976952453945445,3.746878683567047
action and character,-60.32424659281969,-59.77932161837816,0.36704265325926416,-0.5449249744415283
diamonds and rubies,-47.79696954973042,-47.39248697459698,0.400235831066141,-0.4044825751334429
plans and projects,-38.62367057800293,-37.624574422836304,0.2691191651581433,-0.999096155166626
jacket and trousers,-33.31629121303558,-34.151557207107544,0.6974672438718036,0.8352659940719604
kind and quantity,-47.80706515163183,-49.18978173285723,0.7994269407442031,1.3827165812253952
family and neighborhood,-41.640314400196075,-43.39460062980652,0.8524926056405082,1.7542862296104431
nights and weekends,-46.92466324567795,-50.534888565540314,0.9736664582120711,3.6102253198623657
labor and money,-58.44529768824577,-56.48734104633331,0.12368835597204514,-1.9579566419124603
shower and tub,-43.385621547698975,-43.66880416870117,0.5703263125564244,0.28318262100219727
aggression and hostility,-54.51755269616842,-54.19576874375343,0.4202410466074121,-0.32178395241498947
information and material,-33.66885805130005,-33.400426506996155,0.43329218906665834,-0.26843154430389404
despair and rage,-57.08546210825443,-54.32294553518295,0.05938364122235892,-2.76251657307148
improvements and land,-66.17512348201126,-64.98531794454902,0.2332937170457065,-1.1898055374622345
landings and takeoffs,-33.465474009513855,-28.63177209033165,0.007894196264379077,-4.833701919182204
novels and tales,-48.873659485951066,-51.10663022659719,0.9031714698478771,2.232970740646124
corruption and crime,-47.909120101481676,-45.240154288709164,0.06482963981454183,-2.6689658127725124
anthropology and psychology,-47.47753488458693,-46.14228051714599,0.20829155939319738,-1.335254367440939
lecturer and writer,-47.09410163760185,-46.841696321964264,0.4372315577687025,-0.2524053156375885
fog and mist,-53.35533832758665,-56.20677173882723,0.9453927303535323,2.8514334112405777
field and stream,-42.46911045908928,-47.97199535369873,0.9959415396962001,5.502884894609451
dates and events,-49.434567868709564,-45.84391403198242,0.026840035515209866,-3.5906538367271423
belly and chest,-47.2599948272109,-46.788042061030865,0.3841541543066619,-0.47195276618003845
pain and shame,-30.66797798871994,-32.15077465772629,0.8149946294614684,1.4827966690063477
doorways and windows,-40.941019147634506,-40.929973751306534,0.49723867899155955,-0.011045396327972412
history and identity,-52.40005010738969,-50.81721567735076,0.17039443210137448,-1.582834430038929
anger and indignation,-44.20364284515381,-47.421814031898975,0.9615123939597217,3.218171186745167
cream and peaches,-42.34866001456976,-33.31088117137551,0.00011882037361927825,-9.037778843194246
classmates and friends,-32.83739346265793,-32.69620180130005,0.4647606069112742,-0.14119166135787964
movements and positions,-37.69387064129114,-39.40182518213987,0.8465707905312316,1.707954540848732
barrels and boxes,-45.73033895343542,-44.30949418246746,0.1945291843141677,-1.4208447709679604
costumes and masks,-51.33820122294128,-53.452005349099636,0.8922376447003504,2.1138041261583567
attractions and repulsions,-35.18574590253411,-37.893944412469864,0.9375086894068864,2.7081985099357553
effort and resources,-37.88003185391426,-39.715328484773636,0.862391498079358,1.835296630859375
ability and age,-44.787129640579224,-44.02922680974007,0.31910175740373653,-0.7579028308391571
editing and publishing,-44.802211970090866,-44.65077006816864,0.46221171867760935,-0.15144190192222595
cysts and tumors,-47.38783314824104,-48.105979131534696,0.6721986193720371,0.7181459832936525
dirt and sweat,-35.77426854148507,-37.870794240385294,0.8905650362381347,2.096525698900223
dreams and plans,-30.62377691268921,-31.189680606126785,0.6378174375368413,0.5659036934375763
farms and fields,-42.387108743190765,-42.48509007692337,0.524475755264274,0.09798133373260498
cause and consequence,-51.85223849117756,-56.073201313614845,0.9855280147241974,4.220962822437286
choice and decision,-58.127867583185434,-58.957366067916155,0.6962488766159798,0.8294984847307205
confusion and turmoil,-56.413939103484154,-58.01434925198555,0.8320757012378056,1.6004101485013962
magic and superstition,-36.141400411725044,-36.87063106894493,0.6746364229054024,0.7292306572198868
machinery and power,-61.94173562526703,-61.05777287483215,0.2923572732038249,-0.8839627504348755
education and skill,-37.23255056142807,-36.57641279697418,0.3416077420986428,-0.6561377644538879
forms and materials,-45.42892736196518,-47.791544795036316,0.9139319169445461,2.3626174330711365
length and quality,-43.51718692481518,-45.710525184869766,0.8996496873150677,2.1933382600545883
inclination and time,-46.802880108356476,-41.15214379131794,0.0035026162776276458,-5.650736317038536
help and understanding,-51.46000259369612,-53.19814371317625,0.8504507991506868,1.738141119480133
closets and drawers,-36.11901193857193,-35.098348796367645,0.26489824860024713,-1.0206631422042847
friends and partners,-30.34110596217215,-30.257321136072278,0.4790660382305878,-0.08378482609987259
receivers and senders,-43.3710065134801,-42.75441858172417,0.3505578702827592,-0.6165879317559302
authority and force,-58.87608742713928,-59.71473157405853,0.6981795808550216,0.8386441469192505
trees and underbrush,-40.12482500076294,-41.61452770233154,0.8160336455202157,1.4897027015686035
bacon and coffee,-50.844064965844154,-50.2286531329155,0.3508256762714815,-0.6154118329286575
december and may,-56.10468611121178,-54.57366645336151,0.1778445466552642,-1.5310196578502655
grains and seeds,-54.32349004410207,-54.17164101265371,0.4621105192167175,-0.15184903144836426
beauty and color,-48.028057754039764,-49.67634952813387,0.8386600451402815,1.6482917740941048
legs and torso,-47.199072897434235,-45.422888085246086,0.14477487208799203,-1.7761848121881485
transportation and utilities,-56.787790172267705,-55.24764129566029,0.17651363354381022,-1.540148876607418
hardships and trials,-47.62285232171416,-45.72049535531551,0.12984194478463634,-1.9023569663986564
science and tactics,-57.84020176529884,-59.232840448617935,0.80101315980985,1.3926386833190918
neighborhood and school,-43.05007380247116,-41.93006432056427,0.24600952475892038,-1.1200094819068909
irony and satire,-39.7361251488328,-38.98444976657629,0.32045635305833775,-0.7516753822565079
kitchen and pantry,-38.27647455735132,-41.037369936238974,0.9405257386580156,2.7608953788876534
astronomy and geology,-42.50169412046671,-40.66620224714279,0.137585333667704,-1.8354918733239174
feet and heads,-41.79705607891083,-39.86062812805176,0.1260408085616869,-1.9364279508590698
snow and water,-48.28841273486614,-48.435256473720074,0.5366451099021188,0.14684373885393143
back and hips,-41.523568630218506,-42.833704829216,0.7875359460056558,1.3101361989974976
bombers and missiles,-40.27732364460826,-42.03440184891224,0.8528433481516207,1.7570782043039799
argument and debate,-44.69010543078184,-46.36845363676548,0.8426856824532211,1.6783482059836388
doubts and suspicions,-30.634254418313503,-31.774516254663467,0.757727709229148,1.1402618363499641
laborers and servants,-48.24220281839371,-46.21290957927704,0.11616146409769704,-2.0292932391166687
arms and faces,-51.59462635219097,-48.94762036204338,0.06617378363568546,-2.6470059901475906
chrome and glass,-39.64726370573044,-39.5102995634079,0.46581239199774505,-0.13696414232254028
paris and washington,-61.529771126806736,-62.59591628611088,0.7438631407634584,1.066145159304142
arm and back,-40.31498005986214,-41.1202107667923,0.6910922667665294,0.8052307069301605
emotion and meaning,-41.373824290931225,-42.63127591460943,0.7785871070676579,1.2574516236782074
bushes and vines,-52.05940020084381,-52.69576674699783,0.6539316522094203,0.6363665461540222
authority and independence,-53.429599702358246,-56.30276942253113,0.9465040713023953,2.873169720172882
crises and problems,-40.95657604932785,-41.92625790834427,0.7250560810021205,0.9696818590164185
bathrobe and slippers,-42.60188126354478,-42.76735546439886,0.541274412828341,0.16547420085407794
generalists and specialists,-37.98531338572502,-37.27751734852791,0.330086018170422,-0.707796037197113
boredom and loneliness,-49.42207983136177,-49.05367524921894,0.40892658694648965,-0.3684045821428299
excitement and fatigue,-46.76368096470833,-46.79258920252323,0.5072265561996195,0.02890823781490326
fun and pleasure,-52.09472209215164,-53.02926507592201,0.7179960487977379,0.9345429837703705
individualism and socialism,-50.98538148403168,-50.26305170357227,0.32688015584985886,-0.722329780459404
fields and homes,-54.1646890565753,-53.09114979952574,0.254730598213782,-1.0735392570495605
certainty and security,-47.33330151438713,-48.48750060796738,0.7602770625378388,1.154199093580246
artist and critic,-42.78491312265396,-43.876483142375946,0.7486772512511384,1.0915700197219849
20s and 30s,-39.68400105740875,-45.95769178541377,0.9981182897550135,6.273690728005022
brick and glass,-43.02342838048935,-43.4023871421814,0.593621944388537,0.3789587616920471
dentist and doctor,-35.06865831464529,-34.24994473904371,0.3060368002980177,-0.8187135756015778
bourbon and water,-58.525858134031296,-61.02921012043953,0.9243764728539464,2.5033519864082336
cuts and wounds,-35.7705614566803,-38.209328413009644,0.9197361096702624,2.4387669563293457
palm and pine,-34.05856388807297,-33.43189722299576,0.3482667450595089,-0.6266666650772095
fish and vegetable,-39.755072593688965,-40.59797537326813,0.6990762225019909,0.8429027795791626
initials and names,-54.20014700293541,-54.85734152793884,0.6586298961179805,0.6571945250034332
fury and pain,-48.5517937541008,-47.98890209197998,0.36287864926214297,-0.5628916621208191
gentleness and sweetness,-45.42824164032936,-45.69866882264614,0.5671977745941832,0.2704271823167801
experiences and reactions,-56.02618187665939,-56.040777802467346,0.5036489166714649,0.01459592580795288
bitterness and disappointment,-43.72736990451813,-44.46986311674118,0.6775408123407722,0.742493212223053
comedy and satire,-51.61831974983215,-52.29347205162048,0.6626558840217754,0.6751523017883301
enthusiasm and warmth,-57.07679404318333,-54.70846280455589,0.0856196947219685,-2.3683312386274338
body and breath,-44.63725855946541,-44.21759057044983,0.3965962001767733,-0.4196679890155792
beauty and brains,-36.64539834856987,-36.87507203221321,0.5571673434481798,0.22967368364334106
hotels and pensions,-58.3267902135849,-58.34040415287018,0.5034034322556571,0.01361393928527832
imagination and originality,-29.20635822415352,-29.719311401247978,0.625498512546814,0.5129531770944595
ears and hair,-24.599555283784866,-23.841157287359238,0.31899417953045683,-0.7583979964256287
importance and validity,-34.2851184848696,-33.29885724559426,0.27165118508595093,-0.9862612392753363
money and papers,-43.58684757351875,-46.41778737306595,0.9443250329192098,2.8309397995471954
pies and puddings,-42.048839297145605,-41.77075484767556,0.43092346122107533,-0.2780844494700432
eloquence and force,-47.845129744149745,-49.04067700728774,0.7677317194328629,1.1955472631379962
blossom and leaf,-60.54203733429313,-60.159481044858694,0.40551049938800854,-0.382556289434433
desolation and misery,-46.48958683013916,-45.30986988544464,0.2351030941501936,-1.179716944694519
boots and jacket,-63.11615879833698,-63.548966489732265,0.6065439195321237,0.43280769139528275
confusions and contradictions,-65.52290123701096,-65.56195277255028,0.5097616433559415,0.03905153553932905
flames and sparks,-38.39323303103447,-39.754869282245636,0.7960255027172574,1.3616362512111664
danger and threat,-61.48344260454178,-59.09635269641876,0.08416246802721272,-2.3870899081230164
determination and faith,-26.61473435163498,-27.834633231163025,0.7720457536124561,1.2198988795280457
berlin and frankfurt,-43.45728859305382,-43.142097264528275,0.4218481028675671,-0.3151913285255432
clothes and dishes,-44.690956830978394,-45.28607231378555,0.6445380122709995,0.5951154828071594
comfort and companionship,-39.920899578370154,-39.68422178924084,0.44110521907206923,-0.2366777891293168
background and interest,-64.65936057269573,-68.02257946133614,0.9665350483254805,3.3632188886404037
glass and rubber,-52.175189956091344,-51.17114864196628,0.26814759312861663,-1.004041314125061
color and scent,-42.07095295190811,-42.10727536678314,0.5090796055002604,0.03632241487503052
interest and payments,-45.027101159095764,-48.21680408716202,0.9604449360930021,3.1897029280662537
gambling and vice,-56.809090822935104,-59.26209223270416,0.9207806612390773,2.4530014097690582
activities and places,-50.346244275569916,-49.94123595952988,0.40010963510248826,-0.40500831604003906
elegance and purity,-59.99178487062454,-59.4404349476099,0.36555127327992554,-0.5513499230146408
leaves and limbs,-45.828066885471344,-48.25289332866669,0.9187009584561385,2.424826443195343
power and trade,-44.316687405109406,-46.118244886398315,0.8583384205340966,1.80155748128891
games and races,-47.66681170463562,-46.31774580478668,0.20602312770200254,-1.349065899848938
evenings and sundays,-32.08668723702431,-33.888238936662674,0.8583377175210732,1.8015516996383667
activity and nature,-68.93946167826653,-69.90879647433758,0.7249868886832944,0.9693347960710526
sun and weather,-44.184581592679024,-45.03204956650734,0.7000357226071683,0.8474679738283157
leather and paper,-42.61860713362694,-40.940842896699905,0.15739174778714876,-1.6777642369270325
anguish and rage,-40.528844237327576,-40.8362683057785,0.576256381258032,0.30742406845092773
shooting and yelling,-50.904019355773926,-48.54104596376419,0.08604008731956764,-2.362973392009735
arches and piers,-54.21007363498211,-55.006603725254536,0.6892317449285944,0.7965300902724266
investment and risk,-37.08586871623993,-39.40896284580231,0.910771709856269,2.323094129562378
control and growth,-59.334491208195686,-62.27314096689224,0.9497242945438525,2.938649758696556
happiness and pain,-51.788907832757104,-51.8052941133501,0.5040964784864741,0.016386280592996627
Egypt and Europe,-42.66172495484352,-41.9724043905735,0.3341842341490486,-0.6893205642700195
order and truth,-40.93965005874634,-41.87446045875549,0.7180501914721755,0.9348104000091553
factories and industries,-48.58004338014871,-49.97389841917902,0.801206965073857,1.3938550390303135
name and year,-47.10514245927334,-46.50677900016308,0.35471819772649865,-0.59836345911026
river and sky,-47.40612123161554,-44.65937997866422,0.0602709560211194,-2.746741252951324
detection and removal,-43.63938152662013,-47.4787115904619,0.9789448487978751,3.8393300638417713
breakfast and luncheon,-39.581654381006956,-43.25099931657314,0.9751405811031137,3.669344935566187
attitude and experience,-31.87604784965515,-33.745997339487076,0.8664524329113664,1.8699494898319244
pilot and plane,-44.525596141815186,-46.718234181404114,0.8995864536292858,2.1926380395889282
malaria and typhoid,-49.1189909374807,-51.30340540409088,0.8988411679749165,2.1844144666101784
technology and time,-45.69572081742808,-45.22819540835917,0.3852021130778086,-0.46752540906891227
economist and historian,-60.26998472213745,-58.857457995414734,0.1958358310943849,-1.4125267267227173
muskets and swords,-36.05313496850431,-37.023102168459445,0.7251129599968624,0.9699671999551356
character and wisdom,-46.788738921284676,-47.40980803966522,0.6504616637902435,0.6210691183805466
azaleas and camellias,-43.33553948253393,-46.20142748299986,0.9461341668319669,2.8658880004659295
silence and space,-34.442357659339905,-32.31894302368164,0.1068417856345396,-2.123414635658264
fingers and mouth,-35.69496291875839,-35.239301055669785,0.38801545370173,-0.4556618630886078
power and variety,-61.022577674128115,-60.1011943272315,0.28467611170273555,-0.9213833468966186
cliches and stereotypes,-52.90184388682246,-53.720610447227955,0.6939744524077056,0.8187665604054928
habits and movements,-48.0350908562541,-47.19730490073562,0.302001292153438,-0.8377859555184841
shirt and waistcoat,-39.85689643025398,-41.00675222277641,0.7594845758786648,1.1498557925224304
boardinghouses and hotels,-40.46944348886609,-39.44393341615796,0.2639554956902588,-1.0255100727081299
stucco and wood,-31.784453205764294,-32.93619641941041,0.7598291779843638,1.1517432136461139
activities and character,-33.29052351415157,-32.62500238418579,0.3395004590184363,-0.6655211299657822
happiness and warmth,-43.06637302041054,-43.71219429373741,0.6560681793031775,0.6458212733268738
fulfillment and pleasure,-38.347250832244754,-36.36784840375185,0.12138255377578183,-1.9794024284929037
means and motives,-47.12999974191189,-48.7896561473608,0.8401918741839919,1.6596564054489136
fear and relief,-32.14398576831445,-32.046563336625695,0.47566363733257855,-0.09742243168875575
despair and futility,-48.21567841805518,-51.95021480321884,0.9766729083026411,3.734536385163665
ash and maple,-45.0239999294281,-45.0616794526577,0.5094187664787282,0.037679523229599
beauty and inspiration,-55.401224850676954,-58.34534905292094,0.9499850459780754,2.9441242022439837
clippings and pictures,-42.738056629896164,-42.49464202672243,0.43944504781565535,-0.24341460317373276
liquids and powders,-36.07165377098136,-42.18314315658063,0.9977876592855767,6.1114893855992705
domination and influence,-52.99487233161926,-53.72492694854736,0.6748172577768098,0.7300546169281006
action and conversation,-40.232610285282135,-42.96405214071274,0.9388566590426917,2.731441855430603
pattern and sequence,-48.343059837818146,-48.60791039466858,0.5658282900608543,0.26485055685043335
detective and police,-48.31239773146808,-46.303668297827244,0.11828942986491915,-2.0087294336408377
church and graveyard,-47.64198076725006,-49.148332357406616,0.8185198831689776,1.5063515901565552
gardens and lawn,-45.97110052406788,-44.32617609202862,0.16179610756293125,-1.6449244320392609
powers and processes,-34.92913430929184,-37.81920537352562,0.9473534259997997,2.89007106423378
machinery and tractors,-44.315103793516755,-42.1425424516201,0.10224169251634473,-2.172561341896653
ammo and weapons,-34.206162832677364,-31.978846937417984,0.0973241907439787,-2.2273158952593803
clay and wax,-70.39967401325703,-71.07805439084768,0.6633771186537527,0.6783803775906563
associations and enterprises,-37.64794262498617,-36.68810896202922,0.27691149955879024,-0.959833662956953
grace and modesty,-55.50007355492562,-55.81282477080822,0.5775566592779341,0.31275121588259935
brains and talent,-45.254048861563206,-46.31455848366022,0.7427879227017474,1.0605096220970154
comedy and humor,-52.59024521522224,-51.336884948424995,0.22211900260756245,-1.2533602667972445
certainty and order,-34.01824218034744,-34.129398226737976,0.5277604342593364,0.11115604639053345
discretion and moderation,-56.89798095822334,-56.26193305850029,0.3461404626225466,-0.636047899723053
attention and civility,-55.25566216278821,-58.99056857544929,0.9766813371295642,3.7349064126610756
captain and leader,-48.30628405511379,-48.292504370212555,0.4965551332837109,-0.013779684901237488
control and intelligence,-43.495640181005,-41.12075448036194,0.0851079444566608,-2.3748857006430626
grease and sweat,-45.77210562676191,-45.647438906133175,0.4688736227091346,-0.1246667206287384
comprehension and control,-49.236490454524755,-49.08666118606925,0.46261259861975346,-0.14982926845550537
hallucinations and visions,-41.35912783443928,-42.13546579511603,0.6848903244718065,0.7763379606767558
commands and statements,-48.17052924633026,-49.415239214897156,0.7763827882717742,1.2447099685668945
cost and upkeep,-44.550909265875816,-43.50114752352238,0.2592708554502283,-1.0497617423534393
men and objects,-50.90622806549072,-53.31059980392456,0.917160063510999,2.404371738433838
fragrance and taste,-48.375747725367546,-49.10397997498512,0.6744172321207441,0.7282322496175766
betrayal and murder,-54.18180596828461,-50.85747689008713,0.034745924318985835,-3.3243290781974792
bacteria and insects,-50.20354689285159,-50.83594138547778,0.6530322076912194,0.6323944926261902
confusion and congestion,-41.04785516858101,-40.165227979421616,0.29263365673334585,-0.8826271891593933
facts and techniques,-48.238586723804474,-48.12036842107773,0.47047979644507787,-0.1182183027267456
anger and spite,-34.332039296627045,-35.1505292057991,0.6939156957503534,0.8184899091720581
money and numbers,-30.775618955492973,-29.774773068726063,0.26877514244647904,-1.0008458867669106
boulders and ledges,-48.86734655499458,-52.594747762195766,0.9765097938981177,3.727401207201183
abolition and emancipation,-31.56558461021632,-31.634936150163412,0.5173309392509494,0.06935153994709253
nationalism and sovereignty,-38.659020125865936,-36.0070563852787,0.06586807850683923,-2.6519637405872345
tensions and uncertainties,-45.72210478782654,-47.6389936208725,0.8717910963016066,1.9168888330459595
beauty and poise,-45.23107635974884,-45.69527638703585,0.6140100651804558,0.4642000272870064
background and intelligence,-38.97848764061928,-38.971530586481094,0.49826074348053706,-0.006957054138183594
battle and bloodshed,-52.24017775058746,-58.01348477602005,0.9969001813168418,5.773307025432587
fairness and moderation,-52.78306835889816,-53.77527713775635,0.7295239767078306,0.9922087788581848
back and behind,-42.6118148714304,-46.75081878900528,0.984311337320871,4.1390039175748825
apprehension and terror,-61.8565661017783,-60.79587212530896,0.2571768572299848,-1.060693976469338
head and teeth,-45.300507087260485,-46.770438976585865,0.8130470333242471,1.4699318893253803
cod and salmon,-58.15842088032514,-58.732589828781784,0.6397245806861906,0.574168948456645
archaeologists and geologists,-36.27032673358917,-37.02064111549407,0.6792471975594848,0.7503143819049001
chopping and sawing,-37.67967433575541,-35.86926160752773,0.14058825119342402,-1.810412728227675
anxiety and dismay,-39.79339151829481,-38.26826545596123,0.17870792056429877,-1.5251260623335838
resources and riches,-39.66074761748314,-39.60511779785156,0.4860961305723946,-0.05562981963157654
personnel and ships,-50.56741161644459,-49.991973742842674,0.35998301308324676,-0.5754378736019135
bandits and outlaws,-54.383759919553995,-53.462219294160604,0.2846440852827076,-0.9215406253933907
secrecy and stealth,-41.14079809933901,-39.55086679011583,0.1693935614644404,-1.589931309223175
soldiers and subjects,-43.9992383569479,-47.66589421033859,0.9750753105543316,3.6666558533906937
barges and towboats,-69.06728320382535,-68.86502501461655,0.44960712656441704,-0.20225818920880556
celebration and ritual,-43.209163784980774,-41.90255671739578,0.2130551583420393,-1.3066070675849915
searching and yearning,-38.022678680717945,-36.60641747713089,0.19524837811559026,-1.4162612035870552
letters and magazines,-63.47324760258198,-66.03203499317169,0.9281616458117776,2.558787390589714
flight and terror,-70.08297896385193,-72.72521060705185,0.9335305747004011,2.6422316431999207
gaiety and spirit,-30.42684674821794,-29.683773764409125,0.3223325326327729,-0.7430729838088155
disdain and indifference,-55.138837456703186,-56.077907502651215,0.7189117727629111,0.9390700459480286
liberalism and progress,-54.099110297858715,-53.935370072722435,0.4591561578472467,-0.16374022513628006
blame and hate,-48.30454257130623,-46.82122617959976,0.18492702041843673,-1.4833163917064667
color and imagery,-45.75550848245621,-43.92803591489792,0.13853963767502062,-1.8274725675582886
intonation and phrasing,-52.55436605960131,-49.889640871435404,0.0650872100673538,-2.664725188165903
abasement and humiliation,-55.998956381343305,-55.579322629608214,0.396604393449058,-0.4196337517350912
commercialism and materialism,-58.24661002680659,-58.07748295739293,0.4578187307103245,-0.16912706941366196
education and industrialization,-53.53455884754658,-54.159663021564484,0.651378521348369,0.6251041740179062
foreboding and gloom,-44.72450887365267,-45.50835223775357,0.6865078551718367,0.7838433641009033
firepower and speed,-43.3976694047451,-41.53845411539078,0.1347945425864431,-1.8592152893543243
