binom,Alpha Probs,Nonalpha Probs,ProbAandB
men and women,-121.47951698303223,-121.82059526443481,0.584452426578594
black and white,-136.71876430511475,-137.97520637512207,0.7784130219475575
day and night,-133.27209782600403,-132.4482138156891,0.3049398148635
boys and girls,-93.7834038734436,-94.09929323196411,0.578322131966468
left and right,-98.24287128448486,-98.19803619384766,0.48879310460588565
female and male,-150.1623511314392,-149.27460289001465,0.2915747298374959
father and mother,-117.05804896354675,-118.48422682285309,0.8063050833104729
goods and services,-168.65011048316956,-169.06744480133057,0.6028451999829291
north and south,-160.324152469635,-161.09267783164978,0.6832018136332444
development and research,-77.35737124457955,-70.553866378963,0.001108647884209838
place and time,-82.571184001863,-84.00719839334488,0.8078366982489562
death and life,-138.9973382949829,-140.1139304637909,0.753356051763659
brothers and sisters,-136.5767068862915,-136.6660861968994,0.5223299640877878
husband and wife,-110.18211290612817,-113.46191605180502,0.9637294032026089
gas and oil,-75.69465139874956,-76.34694014856359,0.6575260417110611
pepper and salt,-138.52828240394592,-138.60714960098267,0.5197065856806106
fall and rise,-146.453617811203,-146.1645519733429,0.4282325807928548
arms and legs,-137.02354049682617,-137.32557106018066,0.5749388297077668
fruits and vegetables,-74.99890263006091,-77.96180239319801,0.9508696381500743
arts and sciences,-80.25639168859198,-83.23739481066877,0.9517084951001369
gentlemen and ladies,-92.82034006528556,-89.49030666728504,0.03455511607625599
feelings and thoughts,-75.99558772139426,-74.72551696439041,0.21924513989623914
diagnosis and treatment,-140.0455173254013,-147.06042301654816,0.9991024158471441
groups and individuals,-171.11636066436768,-171.25477576255798,0.5345486331309164
knowledge and skills,-167.58589601516724,-167.9387321472168,0.5873051641789642
heart and mind,-157.93451970815659,-158.69302648305893,0.6810294507025535
influence and power,-134.34219574928284,-134.36816310882568,0.50649147512097
Africa and Asia,-146.3070249557495,-147.40740144252777,0.7503306412307372
addresses and names,-154.85034680366516,-151.80081570148468,0.04523772145763065
poetry and prose,-125.19919991493225,-127.51578092575073,0.9102409928181822
forefinger and thumb,-72.94301545034978,-67.96382911779801,0.00683265172720411
minerals and vitamins,-170.5027894973755,-164.7921118736267,0.0032995057815142655
fall and winter,-70.01661909651011,-74.02685063518584,0.9821936182643339
light and shadow,-142.57640385627747,-143.30885577201843,0.6753430978288008
honey and milk,-119.08890264481306,-120.26076290756464,0.7634811023460735
nose and throat,-57.80871322390158,-57.33406513161026,0.3835166941838974
anger and fear,-171.04504299163818,-172.0927312374115,0.7403307318865664
head and tail,-124.0851936340332,-123.90527629852295,0.45514160732910924
novels and stories,-138.74285888671875,-138.5998649597168,0.46431230717364896
sunrise and sunset,-133.13159680366516,-132.2020947933197,0.28302575673243374
sympathy and understanding,-67.42021843709517,-66.32882727135438,0.25135640334360443
shoes and socks,-61.07069849118125,-60.32822397875134,0.32246327318975904
equipment and personnel,-82.65739940665662,-83.51023001037538,0.7011605888909489
eyes and face,-118.17667406797409,-116.89859634637833,0.21787761554509644
ink and paper,-134.8203363418579,-132.663241147995,0.1036700629588705
muscles and nerves,-164.02320075035095,-161.70023322105408,0.0892385790522178
charts and maps,-96.63938347855583,-96.7719178874977,0.5330851869462739
elbows and knees,-148.3687071800232,-146.9577775001526,0.19608746285401601
Christmas and Easter,-126.20592880249023,-127.73246502876282,0.8214989574054071
nature and size,-58.74337395187467,-58.69869402516633,0.48883187616770774
gums and teeth,-102.29163959622383,-101.78347197175026,0.3756231752671958
chairs and sofas,-143.07336854934692,-143.27045011520386,0.5491115319351162
characters and situations,-121.42075824737549,-121.58853244781494,0.5418454400379488
joy and pleasure,-176.00929427146912,-178.65217208862305,0.9335706593654608
Thursday and Tuesday,-177.93289804458618,-173.68463218212128,0.014087692592876754
barley and oats,-134.99355792999268,-136.5631217956543,0.8277214249794488
beauty and dignity,-125.80067777633667,-125.68684005737305,0.4715712643579215
boats and ships,-140.22435402870178,-141.5657410621643,0.7927179460493344
misery and pain,-141.15415906906128,-144.30570363998413,0.9589695390751983
bones and skulls,-155.42159342765808,-155.78673553466797,0.5902846207648713
dairy and poultry,-66.92762810960267,-67.34695091331378,0.6033211913899947
being and existence,-149.13809061050415,-148.29401063919067,0.3006761913037183
radar and radio,-113.94078588485718,-116.93348264694214,0.9522430982652597
humility and pride,-145.32875061035156,-144.97968339920044,0.41360863820964516
pitch and volume,-157.87203288078308,-157.70736742019653,0.45892640117938033
skirt and sweater,-160.18521666526794,-160.3327271938324,0.5368109078644514
linen and silk,-173.53107857704163,-173.34255290031433,0.45300768158463706
checks and money,-190.46001410484314,-190.9201316833496,0.6130420686586122
calluses and corns,-186.10044503211975,-189.47002577781677,0.9667402132741468
action and motion,-150.04784607887268,-149.48167419433594,0.3621206109053771
brain and intelligence,-193.65655748546124,-195.7395509928465,0.8892392160343692
conduct and manners,-160.12177419662476,-160.16105914115906,0.5098199732300491
completeness and unity,-182.35542249679565,-181.578595161438,0.31500407041083534
hostility and indifference,-168.40160703659058,-168.5854799747467,0.5458391582626857
depth and force,-173.92275476455688,-180.16631412506104,0.9980608400266008
hours and miles,-134.90170669555664,-135.150897026062,0.5619772036051981
movements and speech,-140.19661736488342,-138.6840362548828,0.18055658775928723
schools and synagogues,-158.87737703323364,-158.77433681488037,0.4742627130624496
arrangers and composers,-148.0557918548584,-150.10080122947693,0.8854423716774559
happiness and laughter,-164.22459626197815,-164.31407070159912,0.5223536988566946
diagrams and sketches,-125.27066707611084,-124.31659078598022,0.27806578645847474
pail and shovel,-82.30575263881474,-83.20770259705023,0.7113500547505817
candies and cookies,-183.43460059165955,-181.42462372779846,0.11815938852153163
county and village,-137.51700830459595,-137.61695528030396,0.5249659644734582
charm and variety,-108.02470588684082,-108.77246141433716,0.6786894432986436
bouquets and wreaths,-69.33683901578479,-69.92995392991725,0.6440795320362096
beech and elm,-164.0024538040161,-167.7237513065338,0.9763693766147713
complexity and obscurity,-161.4574818611145,-162.21422147750854,0.6806454510523241
devotion and effort,-184.4907193183899,-184.167085647583,0.41979045058131526
alibis and excuses,-172.6415274143219,-168.65798205137253,0.018279160267286966
body and mind,-146.53769540786743,-147.1296570301056,0.6438151062378584
man and woman,-126.98647356033325,-125.8207893371582,0.23763596695183709
law and order,-124.60847282409668,-124.61910486221313,0.502657984490895
cause and effect,-174.89947199821472,-172.79124546051025,0.10829981279022953
radio and television,-172.24100732803345,-172.06276512145996,0.4555570498632594
feet and hands,-128.20972204208374,-128.6884467601776,0.6174466903322299
money and time,-154.73609113693237,-154.91033911705017,0.5434521082501291
blood and flesh,-159.1958737373352,-157.6916344165802,0.1817940951946032
god and man,-146.28406500816345,-143.70577478408813,0.07054876140598809
brother and sister,-179.74822473526,-181.8245701789856,0.8885827330578971
father and son,-70.18400439323887,-69.7782392062436,0.3999279832287068
men and officers,-111.09935408830643,-108.37319937348366,0.06144755353479469
south and west,-187.97151064872742,-188.07745027542114,0.5264601639819669
error and trial,-136.43652844429016,-136.35946464538574,0.48074357938000395
arts and crafts,-153.74896597862244,-154.02821850776672,0.5693629619824785
pressure and temperature,-116.91431975364685,-117.4389898777008,0.6282391474705621
days and nights,-114.59335947036743,-114.88663625717163,0.5727981546670575
land and sea,-120.92754364013672,-122.43824172019958,0.8191646392339539
north and west,-109.9232292175293,-110.7145676612854,0.6881186481363696
spring and summer,-105.96125507354736,-105.92841482162476,0.4917906748069745
magazines and newspapers,-172.02664232254028,-173.00550174713135,0.7268818426352631
hands and knees,-103.15617720782757,-109.06052669882774,0.9972798638192463
moon and sun,-146.24982714653015,-145.79367327690125,0.3878986285327584
fathers and mothers,-81.99504117644392,-79.71675994293764,0.09293774434452064
city and county,-143.7567675113678,-143.36747074127197,0.40388660044227614
ears and eyes,-171.5167944431305,-170.74306631088257,0.315673188726041
college and school,-102.04189968109131,-101.36239004135132,0.33637075471086647
college and university,-119.72477197647095,-119.43020534515381,0.42688624950536586
dark and light,-136.62186431884766,-131.91174912452698,0.008923396398791411
future and past,-135.67703437805176,-131.73580241203308,0.01905415687140752
evening and morning,-149.30116176605225,-147.18781089782715,0.10780594363086088
ice and snow,-135.97789788246155,-135.6341917514801,0.4149094953826749
husbands and wives,-164.90907526016235,-163.70532083511353,0.23080799860055823
boys and men,-100.76582956314087,-99.59946966171265,0.23751357932472383
bread and butter,-62.89044884342002,-65.14664196176454,0.9051834036612741
head and shoulders,-157.67144463956356,-159.0585791915655,0.80013439665757
rock and roll,-121.42638540267944,-122.3607702255249,0.7179640236297288
testament and will,-107.23755502700806,-109.08633136749268,0.8639833673233693
engineers and scientists,-119.68327212333679,-113.51420307159424,0.002088811473296339
man and wife,-91.54510283470154,-95.44245231151581,0.9801080847696262
arms and hands,-61.970112823619274,-59.91738167437143,0.11377670460227479
math and science,-130.07884097099304,-128.67234063148499,0.19678663156303056
son and wife,-120.11216592788696,-119.9852409362793,0.468311282660195
fingers and thumb,-150.10843706130981,-151.0845136642456,0.726329035327091
flesh and skin,-128.22304964065552,-128.16684770584106,0.48595321351734944
life and religion,-105.63388729095459,-103.562570810318,0.11191612548811301
conscience and religion,-93.68127328157425,-93.72913387417793,0.5119628646903954
pain and pressure,-118.85659074783325,-120.71312117576599,0.8648920283833577
integrity and unity,-142.75223422050476,-143.9449245929718,0.7672218898582244
flowers and hearts,-120.03492784500122,-117.8842921257019,0.1042718324949118
grapefruit and oranges,-56.769173429114744,-56.244103376055136,0.3716674520135161
folklore and legend,-95.25491882394999,-98.04236835893244,0.941993840628869
doctors and fathers,-100.53728413581848,-103.83426856994629,0.9643252140768982
contraction and dilation,-67.49332293868065,-65.46914058923721,0.1166872190667856
ships and weapons,-111.23181128501892,-109.51253128051758,0.1519639268696413
funnels and masts,-121.95850706100464,-122.80655026435852,0.7001564986867183
law and sovereignty,-147.08554196357727,-142.4516921043396,0.009623760108582341
assurance and dignity,-77.69465484510874,-77.53729096136522,0.4607400131826553
mr. and mrs.,-55.20150850468781,-58.3146818424575,0.9574328735877126
bride and groom,-52.58798912889324,-55.09970205463469,0.9249588712009633
feet and legs,-131.29138654470444,-130.72526746988297,0.3621328094719905
peace and quiet,-63.04939676844515,-69.26869244503905,0.9980133080192478
daughter and son,-62.97207788875676,-60.927072462945944,0.11455802886721901
ends and odds,-86.96495214477181,-70.36648687254637,6.185546803076466e-8
city and state,-103.43012475967407,-103.25218296051025,0.4556315593524409
facts and figures,-134.35189294815063,-135.05459237098694,0.6687859969981669
man and nature,-131.80088019371033,-133.70174407958984,0.8699892692253561
prose and verse,-114.9430832862854,-116.4832010269165,0.8234818405918624
body and head,-78.96819954490638,-76.41438790573739,0.07217083301184948
command and control,-151.92592334747314,-151.26851987838745,0.34132312717135904
child and wife,-122.60260438919067,-122.53576803207397,0.4832971280393251
aunt and uncle,-82.09298536553979,-75.07017624378204,8.905244109996502e-4
cattle and horses,-159.03416967391968,-159.127774477005,0.5233841292269102
politics and religion,-158.0761694908142,-158.7034513950348,0.6518728870480639
July and June,-154.95416855812073,-154.5774540901184,0.4069195711993636
sailors and soldiers,-88.68420118559152,-83.85077560925856,0.00789636084218812
English and German,-154.26352643966675,-154.35109329223633,0.5218777351403885
food and shelter,-122.92139673233032,-124.40378761291504,0.8149334375184619
sights and sounds,-138.8683598935604,-138.46750396490097,0.4011067112114548
comings and goings,-133.44491720199585,-135.30725979804993,0.8655697631018273
heir and son,-114.6585123538971,-114.85071325302124,0.5479028498216006
coat and hat,-122.96251261234283,-121.86728239059448,0.2506346735696062
crime and punishment,-160.1847162246704,-160.67449617385864,0.6200545926253664
earth and sky,-142.25313317775726,-142.30914682149887,0.513999750742302
faith and love,-140.95647835731506,-142.1372034549713,0.7650781532045096
mother and son,-126.21551036834717,-127.1752667427063,0.7230730245608837
cents and dollars,-163.52229285240173,-156.1010708808899,5.980595601973954e-4
turns and twists,-164.89540791511536,-164.37766528129578,0.37338023272015564
fire and police,-140.43561267852783,-140.8053421974182,0.591393619044356
months and years,-120.57623958587646,-121.82568669319153,0.7772041381306979
editor and publisher,-70.67317682690918,-70.46757179871202,0.4487790563524504
aunts and uncles,-146.49325609207153,-145.5298047065735,0.27618770241797336
research and training,-162.81571578979492,-164.67329597473145,0.8650146495052963
eyes and hair,-157.02164554595947,-155.91118454933167,0.2477849545287558
methods and principles,-148.07013642787933,-143.70086753368378,0.01250220920889365
city and country,-119.48559546470642,-119.06911563873291,0.39735940295272854
bread and cheese,-130.14698004722595,-132.14427495002747,0.8805127674311848
location and size,-119.65814518928528,-121.01722717285156,0.7956104554816753
childhood and infancy,-149.67528796195984,-149.72607254981995,0.5126934189763298
morning and night,-118.7606725692749,-119.61373138427734,0.7012084048140386
council and governor,-147.7942500114441,-149.1978669166565,0.8027572095435347
age and day,-151.3528971672058,-150.78024816513062,0.36062580640472996
body and face,-138.62364435195923,-139.52125668525696,0.7104585893553056
hair and skin,-123.77225494384766,-123.8240909576416,0.5129561025209851
nitrogen and oxygen,-144.10042905807495,-144.004052400589,0.47592446812902744
piano and violin,-159.64071130752563,-157.5032820701599,0.10551176968224309
ceiling and walls,-131.40336227416992,-131.79231691360474,0.5960310247141996
color and texture,-121.95933485031128,-121.23991394042969,0.32752051526828496
everybody and everything,-106.592360496521,-106.4878339767456,0.47389213648880263
bacon and eggs,-72.52709689596668,-73.8029243334895,0.7817386769495647
paper and pen,-151.41146063804626,-150.58805084228516,0.3050403346572059
concrete and steel,-143.89101791381836,-143.85797667503357,0.4917404417195925
color and light,-118.596022605896,-118.04142665863037,0.36479877291491697
friends and relations,-127.93366956710815,-126.72958445549011,0.23074929516633688
boots and shoes,-135.4299807548523,-136.1487214565277,0.6723296507384958
hearing and sight,-108.65066812187433,-105.6674009039998,0.048187554690644264
expense and time,-130.36812448501587,-131.5853853225708,0.7715811485199927
flowers and plants,-67.43818403902696,-68.92313503468176,0.8153192349476026
beauty and truth,-115.54262852668762,-122.85370707511902,0.9993323499650216
bone and flesh,-69.1211677803658,-67.97085465816781,0.240431894650159
doubts and fears,-52.10410224390216,-51.366375053534284,0.32350134444928025
light and sound,-145.95525741577148,-145.65140867233276,0.4246168965138699
beauty and youth,-118.21031069755554,-117.47158861160278,0.32328365156121175
fiction and poetry,-113.07347321510315,-112.4600841999054,0.3512865058833416
needle and thread,-125.5447609424591,-125.14574122428894,0.40154788589928475
back and shoulders,-123.96511721611023,-123.0872950553894,0.29362928390304277
crime and violence,-112.18496632575989,-111.7310881614685,0.38843909436590623
force and violence,-132.5230610370636,-132.1838858127594,0.416009838843418
eggs and ham,-68.7643484469736,-67.15952758386265,0.1673089108004856
bone and muscle,-121.52517142891884,-121.06541559100151,0.3870437474914455
debate and discussion,-129.33322954177856,-129.53636240959167,0.5506093123374437
errors and omissions,-133.43213891983032,-134.27425050735474,0.6989097542801886
brother and mother,-129.4670844078064,-129.78037881851196,0.5776891850612329
face and figure,-123.61151266098022,-122.8490571975708,0.3181133960874929
chairs and table,-83.47677463293076,-79.49587812833488,0.018326754820015737
ammunition and guns,-69.52041590487352,-66.93866829021135,0.07032239099288083
Concord and Lexington,-116.83104205131531,-110.0018128156662,0.0010805227333641346
ice and water,-122.95235669612885,-122.92791092395782,0.4938888612867712
fun and games,-139.86760568618774,-139.69470143318176,0.4568813058730065
breakfast and dinner,-130.12302207946777,-130.35297918319702,0.5572372710895502
comfort and ease,-85.71450153784826,-83.529992749216035,0.1011502560496896
father and uncle,-135.82893252372742,-135.9664342403412,0.5343213708006759
health and spirits,-158.40308594703674,-159.3565695285797,0.7218152144847485
names and numbers,-108.03101408481598,-108.08478611707687,0.5134397698734923
rights and wrongs,-116.32487201690674,-115.28789377212524,0.261733464297207
crannies and nooks,-127.89808917045593,-124.90879738330841,0.047911985648360064
power and resources,-132.39464914798737,-133.90863072872162,0.8196505274662338
flame and smoke,-63.24078086204827,-59.68914034077898,0.027878079741838837
faith and life,-132.15715956687927,-132.91705441474915,0.6813309036881453
wisdom and wit,-148.72577333450317,-149.06049919128418,0.5829088043365496
novelist and poet,-158.29100108146667,-153.98192143440247,0.013267524829481235
Arizona and California,-153.4157202243805,-152.975834608078,0.3917682249363785
crops and livestock,-140.57644081115723,-140.3174262046814,0.43560595516109973
glass and steel,-61.23250457132235,-61.76981729385443,0.6311870673745709
bar and grill,-111.30533719062805,-111.21067452430725,0.47635198997463424
influence and prestige,-117.84379935264587,-116.12177419662476,0.15161049464041934
cotton and tobacco,-126.68457818031311,-124.6972508430481,0.12053990431921568
church and community,-112.6942629814148,-113.47744536399841,0.6863655846199136
courage and hope,-109.52741622924805,-110.50884914398193,0.7273924454007235
teaching and writing,-144.4939260482788,-144.92734813690186,0.6066905348412301
gin and tonic,-62.813561463481165,-71.870774846524,0.9998834662845181
brush and trees,-120.62291216850281,-120.84162330627441,0.5544608646884657
pad and pencil,-134.30713748931885,-136.32283735275269,0.8824356332330549
chair and table,-129.72476029396057,-129.45960640907288,0.4340971938490342
houses and shops,-66.03391380980611,-63.620695393532515,0.08217026396896313
libraries and museums,-60.72739651799202,-61.77216478809714,0.7397689986346119
flames and smoke,-53.484902143478394,-53.037707913666964,0.3900280697647253
guidance and information,-71.35496029257774,-72.31914202868938,0.7239582766845432
stress and tension,-73.81477564759552,-74.60783659107983,0.688488196332469
days and years,-139.47198486328125,-138.83503532409668,0.34593642536831987
actions and feelings,-109.12890315055847,-107.62189388275146,0.18138244251384364
energy and money,-88.18607380986214,-90.58182461559772,0.9165027067705672
anguish and pain,-126.08680891990662,-125.97215008735657,0.4713666543673286
colors and forms,-119.97139930725098,-120.64440274238586,0.6621753520138146
meaning and origin,-104.54634058475494,-108.14361238479614,0.9733322831372389
freedom and security,-92.87776041030884,-93.2757396697998,0.5982020588163875
gratitude and joy,-149.5353033542633,-149.47482347488403,0.4848846373087058
mamma and papa,-67.1458420753479,-70.10738283395767,0.9508061112054319
length and weight,-75.49303375184536,-76.3038237541914,0.6922778234589761
anger and hatred,-66.65332690253854,-66.61061632446945,0.48932397836080854
aircraft and ships,-100.55600881576538,-101.70150804519653,0.7586878728982887
sidewalks and streets,-78.984130022116,-72.76743666808943,0.001991858415642713
democracy and liberty,-77.09556891222019,-75.91441811237019,0.23484534245354208
iron and wood,-107.61607122421265,-107.63454532623291,0.5046183941538935
horses and wagons,-55.548145086999284,-59.036832638434134,0.9703641763173515
clarity and precision,-127.32198452949524,-126.30240082740784,0.2651084982519781
flowers and herbs,-103.51607608795166,-104.10481023788452,0.6430746482289174
confusion and fear,-122.15232706069946,-123.3298864364624,0.7645086893006138
jaws and teeth,-75.74287740141153,-74.41051094979048,0.20876819577686356
counties and towns,-115.29140067100525,-113.89405727386475,0.19823801264066637
bodies and faces,-148.62248611450195,-148.57900023460388,0.4891302428837595
ability and desire,-145.35904550552368,-146.86605882644653,0.8186181593035796
chest and stomach,-158.05554056167603,-156.27099931240082,0.14374328710017675
Illinois and Missouri,-122.16169452667236,-121.84305453300476,0.42100722752563996
jams and jellies,-159.60589337348938,-158.83451747894287,0.3161815478252162
Tories and Whigs,-74.27815888286568,-77.16430599265732,0.947157375221445
dogs and men,-123.22918558120728,-120.97491264343262,0.09498152681183702
discussion and thought,-133.9780011177063,-134.1209478378296,0.5356759512101262
distress and pain,-148.89588522911072,-146.25760197639465,0.06671484761059372
mouth and nostrils,-73.00133953872137,-75.37071444839239,0.9144619778724177
cakes and pies,-60.361052507854765,-61.22421039639448,0.7033200052440127
adventure and romance,-148.8224959373474,-152.21800184249878,0.96756378814688
agreements and contracts,-165.90395665168762,-167.8657579421997,0.8767277612013064
crime and poverty,-146.96795868873596,-147.88163137435913,0.7137511195248428
cousins and uncles,-129.8931109905243,-129.21846103668213,0.33745642155110955
fire and light,-111.18125899136066,-110.93900392949581,0.4397307012436855
child and husband,-121.03831112384796,-120.2053097486496,0.3030108194352697
vinegar and water,-142.06299304962158,-143.16245198249817,0.7501587121864206
fork and spoon,-137.56752586364746,-136.3101041316986,0.22141804598727435
Burma and India,-154.67782139778137,-153.49508333206177,0.2345602419259855
fruit and nuts,-74.5842205081135,-77.27855858579278,0.9366917190114249
ability and strength,-115.56879925727844,-116.45521426200867,0.7081498017420522
agencies and individuals,-106.5574860572815,-106.80747747421265,0.5621743882988929
coffee and sandwiches,-127.00367546081543,-126.88858985900879,0.4712603132489278
coffee and toast,-109.18016529083252,-110.4578754901886,0.7820597496135699
anger and anxiety,-120.29638433456421,-120.88679265975952,0.6434588289693037
apprehension and fear,-163.1975610256195,-167.0397129058838,0.9790029330642693
figures and words,-103.60490894317627,-101.73950338363647,0.13407423320608422
blood and guts,-136.8086540699005,-135.07158041000366,0.14968501567669393
action and character,-137.8335840702057,-137.6313762664795,0.44961959501572973
diamonds and rubies,-75.08715138887055,-72.72136951610446,0.08581949289050768
plans and projects,-113.83840847015381,-112.68074464797974,0.23909203997257336
jacket and trousers,-137.07263088226318,-137.36908984184265,0.573576652708373
kind and quantity,-130.07699871063232,-130.62197256088257,0.6329687016093883
family and neighborhood,-127.25680446624756,-127.33942031860352,0.5206422235077014
nights and weekends,-79.17237213253975,-78.83282785862684,0.41592018262535413
labor and money,-145.1393575668335,-145.87740230560303,0.6765681465593055
shower and tub,-138.84172224998474,-141.25128197669983,0.9175533816843586
aggression and hostility,-176.71400916576385,-171.49311649799347,0.005373474114614646
information and material,-97.8714497089386,-96.99785232543945,0.294506313061374
despair and rage,-82.28602750599384,-80.89337058737874,0.19898393366262238
improvements and land,-142.67117643356323,-142.64624953269958,0.49376859743777946
landings and takeoffs,-127.9178717136383,-130.92804884910583,0.9530317839317425
novels and tales,-150.3790020942688,-147.20519924163818,0.040163557125785454
corruption and crime,-134.52989292144775,-134.53875255584717,0.502214894112043
anthropology and psychology,-105.49386274814606,-104.46757200360298,0.26380385238192083
lecturer and writer,-135.81675815582275,-135.5232286453247,0.4271400048747797
fog and mist,-143.92623376846313,-145.52176094055176,0.8313923170387617
field and stream,-135.6712839603424,-136.93865633010864,0.7802926091440272
dates and events,-141.01616859436035,-139.93723249435425,0.2537074026525879
belly and chest,-62.01413436047733,-60.79293233039789,0.22772498478767084
pain and shame,-118.37383604049683,-117.09324407577515,0.21744947493289524
doorways and windows,-133.96294116973877,-137.63034391403198,0.9750934561400836
history and identity,-113.12611424922943,-113.3427083492279,0.5539378242401493
anger and indignation,-127.2262454032898,-126.57799577713013,0.3433840884036907
cream and peaches,-140.4883167743683,-138.35704112052917,0.10609395038031755
classmates and friends,-139.86973571777344,-141.29847621917725,0.8067049954374486
movements and positions,-144.04957818984985,-143.38490390777588,0.33969038190548295
barrels and boxes,-59.85971162468195,-59.20155785419047,0.3411544632595661
costumes and masks,-64.1233172249049,-66.49357116036117,0.9145307113391418
attractions and repulsions,-135.51817536354065,-134.6033318042755,0.2860097186277372
effort and resources,-147.17312717437744,-147.28540182113647,0.5280392136254025
ability and age,-122.70997625589371,-125.13464176654816,0.918688937673971
editing and publishing,-123.36613368988037,-123.90077352523804,0.6305646282073033
cysts and tumors,-68.20199182629585,-65.74891614541411,0.07921392132528612
dirt and sweat,-121.78040778636932,-122.04038310050964,0.564630223462251
dreams and plans,-102.23982095718384,-105.41867232322693,0.9600306141377718
farms and fields,-152.2254295349121,-151.83712029457092,0.40412438284256874
cause and consequence,-145.3053801059723,-144.04562997817993,0.22101690932820567
choice and decision,-93.16231040656567,-94.9246321618557,0.8535002052509303
confusion and turmoil,-146.4558829665184,-151.68467205762863,0.9946685646959006
magic and superstition,-112.02399158477783,-112.47034358978271,0.6097715412050246
machinery and power,-79.61092951660976,-77.83564149774611,0.14488594402679117
education and skill,-99.70793390274048,-100.09939336776733,0.5966339863642997
forms and materials,-145.46862649917603,-145.0050597190857,0.3861400263159395
length and quality,-120.5821213722229,-120.20804691314697,0.40755685671483527
inclination and time,-146.0898356437683,-144.77996253967285,0.2125080791738385
help and understanding,-83.8446504957974,-82.89550053467974,0.2790558037898787
closets and drawers,-141.2889587879181,-141.57237029075623,0.5703824001108055
friends and partners,-107.61130619049072,-107.888267993927,0.5688012127304033
receivers and senders,-127.71613883972168,-127.27476644515991,0.3914140037315802
authority and force,-136.2820179462433,-137.02101731300354,0.6767770065577963
trees and underbrush,-118.89285612106323,-119.85934925079346,0.7244199526089018
bacon and coffee,-147.26454162597656,-145.32020354270935,0.12517204608555274
december and may,-138.84742832183838,-143.79179668426514,0.9929269714427098
grains and seeds,-81.7557446473511,-80.98300077696331,0.3158858511079223
beauty and color,-138.36071904748678,-138.89651204645634,0.6308332205196759
legs and torso,-110.81165063381195,-104.07398280501366,0.0011840049813979937
transportation and utilities,-69.3656938567292,-69.4234258850338,0.5144289996596207
hardships and trials,-151.01181626319885,-157.13595509529114,0.9978154071678214
science and tactics,-96.27480572462082,-101.69856888055801,0.9956088493361349
neighborhood and school,-128.55946016311646,-128.3767762184143,0.4544556077847086
irony and satire,-150.54941654205322,-150.45166635513306,0.4755818932933159
kitchen and pantry,-136.34709858894348,-139.8615357875824,0.9710957715753038
astronomy and geology,-167.03332376480103,-166.18444633483887,0.2996683952167721
feet and heads,-129.27675795555115,-129.29821348190308,0.5053636758301904
snow and water,-72.40312640089542,-69.52910493779927,0.05345281784701609
back and hips,-62.12538250954822,-64.29924921691418,0.8978780626023395
bombers and missiles,-111.15255045890808,-118.35799765586853,0.9992580208771297
argument and debate,-125.315858989954,-123.3017193377018,0.11772632433844242
doubts and suspicions,-94.34316620230675,-97.63160958886147,0.9640302160250496
laborers and servants,-112.33391094207764,-113.96174454689026,0.8358726481812712
arms and faces,-140.0517828464508,-141.43560075759888,0.7996034736138331
chrome and glass,-143.62810707092285,-144.45017194747925,0.6946744802063087
paris and washington,-85.065025459975,-80.70097801834345,0.012566837120918554
arm and back,-116.1962342262268,-118.34407639503479,0.8954669634876324
emotion and meaning,-102.33983618021011,-106.14044743776321,0.9781318076693082
bushes and vines,-93.18634009361267,-91.48586344718933,0.1544030225737644
authority and independence,-118.30224871635437,-116.22417902946472,0.11124667524432097
crises and problems,-136.0530185699463,-136.09473037719727,0.5104264401314869
bathrobe and slippers,-91.54865476116538,-89.04354229569435,0.07550055345114233
generalists and specialists,-142.33619213104248,-143.76431894302368,0.8066092835782751
boredom and loneliness,-66.03145267470973,-67.42532487423159,0.8012096982861107
excitement and fatigue,-126.81432664394379,-130.26195883750916,0.969160449087075
fun and pleasure,-114.18437266349792,-110.72065567970276,0.030362412037039273
individualism and socialism,-136.71944904327393,-138.65488052368164,0.8738493848017418
fields and homes,-70.46145436912775,-69.66289059072733,0.3103328243929793
certainty and security,-127.2313072681427,-132.15912222862244,0.9928097631889703
artist and critic,-105.02393126487732,-105.30731773376465,0.5703762656225334
20s and 30s,-54.62758895044681,-61.547019666060805,0.999012583498229
brick and glass,-115.19915533065796,-115.28886246681213,0.5224117564121086
dentist and doctor,-127.96469688415527,-122.48196578025818,0.004140741330503964
bourbon and water,-76.07327705901116,-79.11255730502307,0.9543174613352403
cuts and wounds,-135.5816502571106,-134.67088556289673,0.28684338265000625
palm and pine,-111.08003854751587,-110.80447912216187,0.4315427766171804
fish and vegetable,-137.4922742843628,-139.16795349121094,0.8423315388184477
initials and names,-172.97258305549622,-170.69134104251862,0.09268845032422175
fury and pain,-134.65942239761353,-136.5184564590454,0.8651843203129267
gentleness and sweetness,-185.52317595481873,-183.1950912475586,0.08882355339586923
experiences and reactions,-130.91144323349,-130.96229791641235,0.5127109314323864
bitterness and disappointment,-140.86981888115406,-137.46422266215086,0.032121026071944926
comedy and satire,-129.5719451904297,-128.90442895889282,0.33905322100666896
enthusiasm and warmth,-180.6290192604065,-180.4941282272339,0.4663282826295161
body and breath,-132.94300413131714,-132.97271156311035,0.5074263117934936
beauty and brains,-125.32929277420044,-125.98184204101563,0.6575847039665296
hotels and pensions,-172.78828477859497,-174.92342901229858,0.8942723793989262
imagination and originality,-132.18704175949097,-132.17577743530273,0.49718394872910093
ears and hair,-102.07196140289307,-101.94774770736694,0.46898644165973413
importance and validity,-130.5037064552307,-130.69888925552368,0.5486413765562784
money and papers,-126.36285400390625,-126.07854127883911,0.42939677272255244
pies and puddings,-177.86512160301208,-175.7272675037384,0.10547167834490936
eloquence and force,-174.37083768844604,-174.8447573184967,0.6163110596861516
blossom and leaf,-173.8958559036255,-166.7101250886917,7.567422557620332e-4
desolation and misery,-134.62252187728882,-133.8533787727356,0.3166644990998246
boots and jacket,-79.40558605641127,-77.56562804616988,0.13705625870581506
confusions and contradictions,-178.72895407676697,-177.16073346138,0.1724702050489878
flames and sparks,-156.40993738174438,-156.53309774398804,0.5307512296131774
danger and threat,-172.48777055740356,-172.8480281829834,0.5891027965159025
determination and faith,-110.28986310958862,-113.52710342407227,0.9622118947659453
berlin and frankfurt,-138.59361481666565,-138.6655979156494,0.5179880082448245
clothes and dishes,-142.9998118877411,-143.4471881389618,0.6100152333855137
comfort and companionship,-123.70655012130737,-121.67929649353027,0.11637103086384289
background and interest,-92.97374235093594,-107.50780403614044,0.9999995125422285
glass and rubber,-152.23839461803436,-150.83838546276093,0.19781465864181055
color and scent,-108.27408218383789,-107.94835877418518,0.41928154584109506
interest and payments,-144.29089379310608,-143.38724374771118,0.2883009898589064
gambling and vice,-155.90608930587769,-156.11794018745422,0.5527655213045053
activities and places,-146.04929947853088,-146.71784234046936,0.6611768048696836
elegance and purity,-154.0004003047943,-150.27565479278564,0.023551200694484936
leaves and limbs,-138.1941156387329,-138.1155562400818,0.4803702448478603
power and trade,-113.52035999298096,-115.80453085899353,0.9075575646516882
games and races,-126.56688070297241,-125.96819543838501,0.35464454208594415
evenings and sundays,-145.3261513710022,-145.2816514968872,0.48887686694897553
activity and nature,-76.5083399291616,-76.01810525613837,0.3798382862481297
sun and weather,-120.3942711353302,-121.04681658744812,0.6575838450218411
leather and paper,-127.13648557662964,-125.44739532470703,0.15589551831557452
anguish and rage,-138.86473631858826,-138.31601572036743,0.36616129088911276
shooting and yelling,-134.62482047080994,-135.1621437072754,0.631189514909255
arches and piers,-144.18778371810913,-144.64410829544067,0.6121419023817083
investment and risk,-120.21243047714233,-121.28990364074707,0.7460155052430772
control and growth,-155.8011794090271,-155.62662076950073,0.4564708144903899
happiness and pain,-80.95461106943549,-80.32318901387043,0.3471881609866071
Egypt and Europe,-124.84644103050232,-123.60645341873169,0.22443814208891738
order and truth,-121.31914520263672,-121.36091113090515,0.5104399644946848
factories and industries,-148.5529797077179,-146.18859791755676,0.08592939939717434
name and year,-135.07265210151672,-135.62130117416382,0.6338221087818496
river and sky,-79.64752204157412,-79.7396782450378,0.5230227592631796
detection and removal,-176.78362822532654,-177.03081035614014,0.5614828061583903
breakfast and luncheon,-137.52431416511536,-137.9147927761078,0.5963979098382386
attitude and experience,-133.7659649848938,-132.5873863697052,0.23530786124658332
pilot and plane,-125.03504610061646,-124.68814277648926,0.41413355778962785
malaria and typhoid,-170.90771293640137,-171.57095670700073,0.6599886796442644
technology and time,-114.6475160419941,-110.6243668794632,0.01758186295306927
economist and historian,-133.91475772857666,-135.55129528045654,0.837063250741091
muskets and swords,-152.06600618362427,-152.71529388427734,0.6568499296965787
character and wisdom,-140.5229935646057,-142.2332317829132,0.846867179690466
azaleas and camellias,-62.26574074849486,-62.14989468641579,0.47107083044823495
silence and space,-100.8589735031128,-99.47349882125854,0.2001311809330453
fingers and mouth,-114.14958667755127,-113.4074969291687,0.32254734245396127
power and variety,-137.18473887443542,-139.83487200737,0.9340191956112149
cliches and stereotypes,-65.31946927704848,-65.08917802677024,0.44268028854994
habits and movements,-164.8365711569786,-164.38417023420334,0.3887900770187428
shirt and waistcoat,-141.71024680137634,-139.2262487411499,0.07698761696318013
boardinghouses and hotels,-148.09532368183136,-147.95679926872253,0.4654241687213667
stucco and wood,-143.08604788780212,-144.51409542560577,0.8065969172395111
activities and character,-102.18519020080566,-100.94733142852783,0.22480891731222813
happiness and warmth,-133.52371501922607,-132.29565048217773,0.2265203565303367
fulfillment and pleasure,-147.75112533569336,-145.87546515464783,0.1328881498305871
means and motives,-141.83057951927185,-137.3739354610443,0.011468186011888664
fear and relief,-117.39781332015991,-117.61552095413208,0.554212951588544
despair and futility,-135.06835412979126,-135.32092761993408,0.5628098228337702
ash and maple,-134.55484914779663,-135.23775243759155,0.664386373257847
beauty and inspiration,-151.4765911102295,-150.42913150787354,0.25971322519973455
clippings and pictures,-122.50801157951355,-123.6708025932312,0.7618394866228102
liquids and powders,-134.18741464614868,-136.11673069000244,0.8731736969522746
domination and influence,-137.61396900564432,-132.78746572881937,0.007950775339266936
action and conversation,-117.55010962486267,-116.49131488800049,0.2575398494127928
pattern and sequence,-131.2013578414917,-131.52163362503052,0.5793914612397808
detective and police,-135.58716750144958,-134.69911551475525,0.2915119925189067
church and graveyard,-139.36797094345093,-143.85864090919495,0.988911211138367
gardens and lawn,-127.77169275283813,-125.70280456542969,0.11215770329266037
powers and processes,-110.06192398071289,-109.12819170951843,0.28216813144533703
machinery and tractors,-59.81474342336878,-62.64170823583845,0.9441156774346342
ammo and weapons,-101.59387016296387,-105.13135290145874,0.9717356562969562
clay and wax,-79.07227317243814,-80.51890000607818,0.8094787574861488
associations and enterprises,-133.2891092300415,-133.90571427345276,0.6494460254673645
grace and modesty,-88.03915590792894,-80.34605525434017,4.5575439005082985e-4
brains and talent,-133.72574663162231,-135.0024266242981,0.7818841077974917
comedy and humor,-135.36166214942932,-138.16085290908813,0.9426320786100991
certainty and order,-119.01574850082397,-120.98365187644958,0.87738573672332
discretion and moderation,-75.91181266121566,-74.4027425434906,0.18107664254385433
attention and civility,-133.99224543571472,-132.33792281150818,0.16052559004084702
captain and leader,-83.2257878780365,-83.99555782228708,0.68347112595686
control and intelligence,-148.32673263549805,-144.5459704399109,0.022296817036332447
grease and sweat,-57.010277583729476,-57.53143401071429,0.6274181378347715
comprehension and control,-126.93742167949677,-128.43796300888062,0.8176551996713086
hallucinations and visions,-58.77819830935914,-57.808872039982816,0.27501481138003525
commands and statements,-115.98483848571777,-114.15721333026886,0.13852142786299196
cost and upkeep,-61.78154000150971,-65.14566036569886,0.9665641943360823
men and objects,-116.19786101579666,-115.9101722240448,0.4285697830293414
fragrance and taste,-71.58263444900513,-71.96219969075173,0.5937682402518316
betrayal and murder,-112.17285215854645,-109.98813331127167,0.10113115935283329
bacteria and insects,-62.91215283237398,-64.95225450117141,0.8849436201148246
confusion and congestion,-135.5139443874359,-139.9560830593109,0.9883662005677437
facts and techniques,-116.15104484558105,-114.99240922927856,0.2389152891756716
anger and spite,-113.83637809753418,-114.90097665786743,0.7435683549506443
money and numbers,-114.81791663169861,-114.48868107795715,0.41842663632551136
boulders and ledges,-130.06820011138916,-130.81772375106812,0.6790748937880076
abolition and emancipation,-130.50175142288208,-130.791663646698,0.5719746437325707
nationalism and sovereignty,-71.1292071826756,-67.85371383605525,0.03642154745180196
tensions and uncertainties,-68.40732239559293,-70.37808322487399,0.8776928102584636
beauty and poise,-123.2906201556325,-125.50957650691271,0.9019389288024303
background and intelligence,-110.96769714355469,-110.98857879638672,0.5052202235223744
battle and bloodshed,-141.93501996994019,-148.17729878425598,0.998058360076631
fairness and moderation,-151.9246633052826,-150.7957408428192,0.24436001145625832
back and behind,-89.02646031603217,-91.93851962313056,0.9484393621032381
apprehension and terror,-78.56430800911039,-77.94345867494121,0.3495883082834058
head and teeth,-71.56099184323102,-73.10231998423114,0.8236577148991139
cod and salmon,-117.1315845772624,-121.71313378214836,0.9898647533493291
archaeologists and geologists,-160.37813997268677,-160.7862048149109,0.6006237736719395
chopping and sawing,-138.1666488647461,-138.43376469612122,0.566384709222778
anxiety and dismay,-161.0149528980255,-164.35840678215027,0.9658898195996927
resources and riches,-116.78907680511475,-114.51563811302185,0.09334677762894168
personnel and ships,-140.60345125198364,-140.18819332122803,0.3976520406435242
bandits and outlaws,-160.78266668319702,-169.90481543540955,0.9998907921887904
secrecy and stealth,-149.89682340621948,-151.90575432777405,0.8817315831120283
soldiers and subjects,-113.51433038711548,-113.28498792648315,0.44291438137966804
barges and towboats,-81.55845537493587,-80.38575535736163,0.23636729020567618
celebration and ritual,-139.74914741516113,-139.7239694595337,0.4937058435938855
searching and yearning,-151.2782006263733,-150.0276174545288,0.22259920531255897
letters and magazines,-168.8104133605957,-169.4718883037567,0.6595916361029521
flight and terror,-156.27515077590942,-155.45501494407654,0.30573482732471924
gaiety and spirit,-146.72061228752136,-145.98374104499817,0.3236886954077834
disdain and indifference,-140.7355978488922,-139.12635612487793,0.16669391684027685
liberalism and progress,-180.99555444717407,-181.10766410827637,0.5279980967324126
blame and hate,-117.70762586593628,-118.54268312454224,0.6974231974771753
color and imagery,-130.82623839378357,-129.90799689292908,0.28531633607372386
intonation and phrasing,-165.96921348571777,-160.9746208190918,0.006728895242528964
abasement and humiliation,-98.62393800914288,-86.0558734536171,3.4814278835775527e-6
commercialism and materialism,-148.61655807495117,-152.22092628479004,0.9735158640398345
education and industrialization,-165.01140475273132,-166.5112202167511,0.8175469516939485
foreboding and gloom,-160.75483989715576,-159.76696705818176,0.2713324364671859
firepower and speed,-126.22927570343018,-126.36924290657043,0.534934785979204
