"WordA","WordB","Form","Percept","Culture","Power","Intense","Icon","Freq","Len","Lapse","*BStress","OverallFreq","RelFreq","GenPref"
"20s","30s",0,0,1,0,0,1,-0.702473160867051,0,0,0,5667,1,0.840394712434976
"a.b.","m.a.",0,0,0,-1,0,1,-0.852489842606978,0,0,0,1374,1,0.67148320052482
"abasement","humiliation",-1,0,0,0,1,1,-2.5439900551094,2,0,0,1085,0.470046082949309,0.770008508566654
"ability","age",0,-1,0,0,0,-1,-0.886037494799485,-2,-2,-1,12237,0.0952847920241889,0.109060314032869
"ability","desire",0,1,-1,0,0,0,0.140658041314143,-1,-1,0,26503,0.464249330264498,0.487661623143121
"ability","strength",0,-1,0,0,0,0,0.00190639035497142,-2,-2,-1,20058,0.206850134609632,0.327251624573868
"abolition","emancipation",1,0,0,0,0,0,-0.0748160861164013,0,0,0,1599,0.871169480925578,0.550529942450597
"action","character",0,-1,0,0,0,0,0.483340650446138,1,1,0,18766,0.324896088671001,0.428468078127064
"action","conversation",0,0,0,0,0,0,1.5698416047259,2,0,0,2470,0.367206477732793,0.616963239734816
"action","mind",0,1,0,0,0,0,-0.0880937133143256,-1,-1,-1,5184,0.0671296296296297,0.472842751862395
"action","motion",-1,0,0,0,0,0,1.1054669260483,0,0,0,5237,0.397173954554134,0.485416282128134
"actions","feelings",0,1,0,0,0,0,0.112671449074504,0,0,0,31729,0.269154401336317,0.587757087631082
"activities","character",0,1,0,0,0,0,-0.139495387601674,0,0,0,2796,0.213876967095851,0.581109063398015
"activities","places",0,0,0,0,0,0,0.311659119036147,-1,-1,0,3873,0.287632326361993,0.52019029433676
"activity","nature",0,1,0,0,0,0,-0.61682741552093,-1,-1,0,3742,0.13174772848744,0.575956425229405
"addresses","names",0,0,-1,0,0,0,-1.56923159442657,-2,-1,-1,273323,0.00702465581015865,0.235327372281627
"adventure","romance",0,0,0,0,0,0,-0.0127865478721976,0,0,0,22627,0.375613205462501,0.503725667087005
"africa","asia",0,0,-1,-1,0,0,0.524089674612309,-1,-1,0,293128,0.409363827406457,0.304466630088956
"age","day",0,0,0,0,0,-1,-0.876980304126263,0,0,0,98957,0.00447669189648026,0.203874439760153
"agencies","individuals",0,-1,0,0,0,0,-0.837265731035533,2,0,0,20024,0.530313623651618,0.472329241710419
"aggression","hostility",0,0,0,0,1,0,0.118253421386465,1,1,0,17481,0.359189977690063,0.521982040231986
"agreements","contracts",1,0,0,-1,0,0,-0.376045363686623,0,-1,-1,22390,0.291022778025904,0.350068579805115
"aims","ends",0,0,0,0,0,0,-1.25149228146586,0,0,0,7006,0.460747930345418,0.470145419376852
"aircraft","ships",0,-1,0,0,0,0,-0.421885893280283,-1,0,0,29331,0.186526200947803,0.377382249314793
"alibis","excuses",0,1,0,0,0,0,-2.95438869051373,-1,1,1,1103,0.549410698096102,0.543249542358012
"aloes","myrrh",0,0,0,0,0,0,-0.591443338642959,-1,-1,-1,7735,0.157336780866193,0.379998456554377
"ammo","weapons",0,0,-1,0,0,0,-3.73925556482292,0,1,1,2212,0.100361663652803,0.370343715713772
"ammunition","baggage",0,0,-1,0,0,0,0.327341681941363,-2,0,0,1494,0.431057563587684,0.337168079885506
"ammunition","guns",0,0,-1,0,0,0,-1.24838850204958,-3,-1,-1,55799,0.0396243660280651,0.216084531090716
"anger","anxiety",0,0,0,0,1,0,-0.0351778625331214,1,1,0,19277,0.422420501115319,0.517824859516479
"anger","fear",0,0,0,0,1,0,-1.07879815791942,-1,-1,-1,88323,0.414184300805,0.388667326356923
"anger","hatred",0,0,0,0,-1,0,0.919325807151496,0,0,0,29441,0.706633606195442,0.506635814989403
"anger","indignation",1,0,0,0,0,0,1.66150142007195,2,0,0,13774,0.718672861913751,0.664022282627119
"anger","spite",1,0,0,0,1,0,-0.068371063565241,-1,-1,-1,1672,0.563397129186603,0.462920333459158
"anguish","pain",-1,-1,0,0,0,0,-2.70193766853943,-1,-1,-1,31259,0.194631945999552,0.224527514294737
"anguish","rage",0,0,0,0,-1,0,-0.796254826584898,-1,-1,-1,3683,0.367092044528917,0.35403997231992
"anthropology","psychology",0,0,-1,0,0,0,-1.57233227746329,-2,0,0,16325,0.542970903522205,0.292731920698841
"anxiety","dismay",0,0,0,0,0,0,2.15368075367055,-2,-2,-1,1411,0.616583982990787,0.459865508680184
"apprehension","fear",-1,0,0,0,-1,0,-2.65144455699518,-3,-1,-1,19096,0.249214495182237,0.216304587240127
"apprehension","terror",0,1,0,0,-1,0,-1.02471692940111,-2,0,0,1482,0.379892037786775,0.462996907276952
"archaeologists","geologists",0,1,0,0,0,0,0.101632554101387,-2,0,0,1469,0.431586113002042,0.5158756539418
"arches","piers",0,0,-1,0,0,0,0.52503621217538,-1,-1,-1,3647,0.227858513846998,0.308712642682147
"argument","debate",-1,0,0,0,1,0,0.73350229800679,-2,-2,-1,7440,0.669623655913979,0.396481122525126
"arizona","california",0,0,-1,0,0,0,-1.77272279212949,0,0,0,42843,0.462222533436034,0.351164026697244
"arm","back",0,1,0,0,0,0,-2.09618574977987,0,0,0,7257,0.581369712002205,0.528699917534478
"arms","faces",0,-1,0,-1,0,0,0.993344038443663,1,1,1,7402,0.443798973250473,0.437180589147977
"arms","hands",0,1,-1,0,0,0,-0.600841743853749,0,0,0,194013,0.452809863256586,0.459951576721316
"arms","legs",0,1,0,0,0,0,0.77915498713384,0,0,0,667976,0.836992646442387,0.605168736726062
"arrangers","composers",0,0,0,-1,0,0,-3.61707248431131,0,0,0,3127,0.179405180684362,0.295557194644492
"arsenic","strychnine",0,0,1,0,0,0,1.59314366306891,-1,-2,-1,1342,0.652011922503726,0.589293047035423
"artillery","mortar",0,0,0,-1,0,0,0.905736192591617,-1,-1,0,19688,0.631095083299472,0.414133494226324
"artist","critic",0,0,1,0,0,1,1.00797960255181,0,0,0,5674,0.808953119492422,0.863755684397132
"arts","crafts",1,0,0,0,0,0,2.10163970925511,0,0,0,454080,0.995249735729387,0.608037375223602
"arts","sciences",0,0,0,-1,0,0,0.354154116232436,2,2,1,618850,0.954457461420376,0.493375074171206
"ash","maple",0,0,0,0,0,0,0.5931787951231,1,1,1,2666,0.432108027006752,0.627691280259717
"associations","enterprises",0,0,0,-1,0,0,0.387440702625081,0,0,0,2189,0.399269072635907,0.393207728707729
"assurance","dignity",0,0,0,0,0,0,-0.34467539183006,1,1,0,1291,0.424477149496514,0.487051096856172
"astronomy","geology",0,-1,0,0,0,0,-0.239488387665082,0,0,0,7933,0.583133745115341,0.416809339103474
"attention","civility",0,0,0,0,0,1,4.46924331737412,1,1,0,2048,0.39208984375,0.852468846708996
"attitude","experience",0,-1,0,0,0,0,-1.25057996121338,0,2,1,3253,0.442053489086997,0.419540718053537
"attractions","repulsions",0,1,0,0,0,0,3.46169464372257,0,0,0,12897,0.952314491742266,0.672219951860557
"aunt","uncle",0,0,0,-1,0,0,-0.342107258255929,1,1,1,165376,0.638266737616099,0.482157963228341
"aunts","uncles",0,0,1,-1,0,0,-0.027772348265378,1,1,1,114866,0.631622934549823,0.598809866625804
"authority","force",0,0,0,0,0,0,-0.528122752092376,-2,-2,-1,9915,0.329500756429652,0.388885793406447
"authority","independence",0,0,0,1,0,0,0.901500635521646,1,-1,0,6920,0.511849710982659,0.716468040690341
"azaleas","camellias",0,0,0,0,0,0,0.725452032590134,1,-1,-1,3020,0.600662251655629,0.485847541313389
"b","c",0,0,0,0,0,1,-0.0630630008815203,0,0,0,617842,0.944710783663137,0.784619268396267
"babylon","nineveh",0,0,1,0,0,0,1.62430005165458,0,2,1,12006,0.337831084457771,0.679479034297496
"back","behind",0,1,0,0,0,0,1.31042688594448,0,0,0,1511,0.806750496360026,0.618861634669347
"back","hips",0,1,0,0,0,0,4.43964823447483,0,0,0,7534,0.685160605256172,0.695169798101917
"back","shoulders",0,-1,0,0,0,0,2.93443758823857,1,1,1,63372,0.629536703907088,0.610708911309836
"background","intelligence",0,0,-1,0,0,0,0.0432483682628515,1,2,1,1562,0.685659411011524,0.462364126264493
"background","interest",0,0,0,0,0,1,-1.50213615788807,1,2,1,4132,0.619554695062923,0.802588026597578
"bacon","coffee",0,0,1,0,0,0,-1.07929183699558,0,0,0,9230,0.515276273022752,0.583441592655785
"bacon","eggs",0,0,1,0,0,0,-0.782577748495859,-1,-1,-1,86914,0.643831833766712,0.481878653163594
"bacteria","insects",0,-1,0,0,0,0,0.294113475064442,-1,-2,-1,1765,0.454957507082153,0.367273118222464
"bandits","outlaws",-1,0,0,0,0,0,0.178642380911795,0,-1,-1,1364,0.547653958944281,0.388026831242677
"bar","grill",0,0,1,0,0,0,2.90178991627455,0,0,0,40757,0.962583114557009,0.683319779089684
"barges","towboats",0,0,0,-1,0,0,3.50328854144523,0,-1,-1,1270,0.389763779527559,0.403170375633302
"barley","oats",0,0,0,0,0,0,0.221755196158343,-1,-1,-1,27431,0.429805694287485,0.401004658663681
"barrels","boxes",0,-1,-1,0,0,0,-1.10092461878247,0,0,0,12973,0.370538811377476,0.295841190168398
"bathrobe","slippers",0,1,0,0,0,0,-1.46342456082772,0,1,1,6684,0.895571514063435,0.617811033878935
"battle","bloodshed",0,0,0,0,0,1,3.43358771828964,0,-1,-1,1555,0.868810289389068,0.798300168382313
"beauty","brains",0,1,-1,0,0,0,1.91158459956344,-1,-1,-1,5091,0.620113926537026,0.418373649995906
"beauty","color",0,-1,0,0,0,0,-0.653953412431473,0,0,0,8914,0.346757908907337,0.40591560713823
"beauty","dignity",0,0,0,0,0,0,1.03564934892396,1,1,0,25267,0.521272806427356,0.524487708037191
"beauty","inspiration",0,1,0,0,0,0,1.23673170627845,2,0,0,2617,0.822315628582346,0.682806223076372
"beauty","poise",0,0,1,0,0,0,3.45395886854216,-1,-1,-1,1571,0.609802673456397,0.595648377697277
"beauty","truth",0,-1,0,0,0,0,-0.812020908873205,-1,-1,-1,77484,0.325693046306334,0.30160256491166
"beauty","youth",0,-1,0,0,0,-1,-0.0516807852653081,-1,-1,-1,65503,0.101155672259286,0.115017051522429
"beech","elm",0,0,0,0,0,0,-0.267702618874338,0,0,0,1837,0.607512248230811,0.496807892681422
"being","existence",0,0,0,0,0,0,1.98018235015903,0,0,0,12923,0.525961464056334,0.557554485165972
"belly","chest",0,-1,0,0,0,0,-1.29823632993208,-1,-1,-1,14929,0.228883381338335,0.290602914714624
"berlin","frankfurt",0,0,1,0,0,0,1.97382578234081,1,1,1,4154,0.611458834857968,0.752125767084317
"betrayal","murder",0,0,0,-1,0,1,-2.08910073110425,0,0,0,1796,0.654231625835189,0.641220393035907
"bitterness","disappointment",0,0,0,1,0,0,-0.366954187679054,1,-1,0,5200,0.603269230769231,0.687684442605812
"black","white",0,-1,0,0,0,0,-0.212280694120246,0,0,0,2268565,0.832201854476288,0.417527434849607
"blame","hate",0,0,0,0,-1,0,-0.215762126529944,0,0,0,1113,0.661275831087152,0.475851105812224
"blood","flesh",0,-1,0,0,0,0,1.71379046070696,0,0,0,556220,0.0263960303477041,0.469076087963579
"blood","guts",0,0,0,0,-1,0,4.20896382850254,0,0,0,19009,0.960755431637645,0.594750794107085
"blossom","leaf",0,0,1,0,0,0,-1.70341845286611,-1,-1,-1,4489,0.184673646691914,0.456987604680904
"boardinghouses","hotels",0,0,0,0,0,0,-4.36639852680865,-3,-1,-1,2816,0.180752840909091,0.233382200812141
"boats","ships",0,1,-1,0,0,0,-0.727819943820556,0,0,0,24996,0.379260681709073,0.456529705512413
"bodies","faces",0,-1,0,0,0,0,0.439901103105026,0,0,0,26522,0.239499283613604,0.434838592922759
"body","breath",0,1,0,0,0,0,1.88552486242116,-1,-1,-1,5098,0.488230678697528,0.526351423391455
"body","face",0,-1,0,-1,0,0,0.123632416930594,-1,-1,-1,97417,0.173624726690413,0.226127480016445
"body","head",0,-1,0,0,0,0,-0.0286566497113512,-1,-1,-1,172950,0.15114194854004,0.319810511689688
"body","mind",0,1,0,0,0,0,0.133090362499452,-1,-1,-1,820530,0.417304668933494,0.478831132419334
"bombers","missiles",0,0,0,0,0,0,-0.498153086869056,0,0,0,7505,0.388141239173884,0.490555031315192
"bone","flesh",0,-1,0,0,0,0,0.47599801156688,0,0,0,72784,0.218798087491756,0.435801794433422
"bone","muscle",0,0,0,0,0,0,0.0829501924431248,1,1,1,59672,0.563346293068776,0.614658984740071
"bones","skulls",1,0,0,-1,0,0,2.5051345913225,0,0,0,19232,0.393354825291181,0.497668306426385
"boots","jacket",0,-1,0,0,0,0,-0.00188750773744317,1,1,1,4308,0.362581244196843,0.532840225571207
"boots","shoes",-1,0,0,0,0,0,-0.623759854650293,0,0,0,81005,0.837170545028085,0.438793072027248
"boredom","loneliness",0,-1,0,0,-1,0,-0.67423015570461,1,1,0,6246,0.450688440601985,0.37676531271565
"boulders","ledges",0,-1,0,0,0,0,0.891246823432494,0,0,0,1599,0.475922451532208,0.446915277093589
"bouquets","wreaths",0,0,1,0,0,0,-0.43763578104523,0,0,0,2269,0.375936535918907,0.600265253505574
"bourbon","water",0,0,1,0,0,0,-4.84510725878856,0,0,0,5555,0.984338433843384,0.482040824273425
"boys","girls",0,0,0,1,0,0,0.0560642847935426,0,0,0,1835429,0.882519563546179,0.625878003282716
"boys","men",0,0,0,-1,0,0,-1.8917576585332,0,0,0,263583,0.252391087437354,0.335980344416997
"brain","intelligence",0,1,0,0,0,0,0.337099124079078,2,2,1,5151,0.755387303436226,0.687836373208423
"brains","talent",0,0,0,0,0,0,-0.762672809396442,1,1,1,2145,0.69044289044289,0.592701650983746
"bread","butter",0,0,1,0,0,0,0.478962208090202,1,1,1,261886,0.987169989995647,0.720654856565065
"bread","cheese",0,0,1,0,0,0,0.676206716199086,0,0,0,105642,0.895780087465213,0.628895132299772
"breakfast","dinner",0,0,-1,0,0,1,-0.644401152653941,0,0,0,53396,0.909150498164657,0.688239264861275
"breakfast","luncheon",0,0,0,0,0,1,1.91447899612781,0,0,0,3299,0.929069414974235,0.818683973534138
"brick","glass",0,0,1,0,0,0,-1.52571051384386,0,0,0,5652,0.734253361641897,0.571618633449005
"bride","groom",0,0,1,-1,0,0,1.2151977103839,0,0,0,204540,0.96937029431896,0.523430689185813
"brother","mother",0,0,-1,-1,0,0,-0.939408558378407,0,0,0,57486,0.129127091813659,0.265872539393376
"brother","sister",0,0,0,1,0,0,0.396156731712399,0,0,0,492450,0.838271905777236,0.634481470491947
"brothers","sisters",0,0,0,1,0,0,0.569693359054625,0,0,0,1102312,0.914240251398878,0.638839037668314
"brow","cheeks",0,1,0,0,0,0,-0.379528185373964,0,0,0,5773,0.448813441884635,0.574753418887247
"brush","logs",0,-1,-1,0,0,0,0.779344292451048,0,0,0,4632,0.261442141623489,0.340049210533821
"brush","trees",0,-1,-1,0,0,0,-1.39748608720313,0,0,0,35404,0.333323918201333,0.289179292481808
"burma","india",0,0,-1,0,0,0,-2.45410802618269,1,1,0,20258,0.258416428077796,0.327706843083172
"bushes","vines",0,0,1,0,0,0,0.266667552869343,-1,-1,-1,7099,0.501197351739682,0.510343550265642
"c.","d.",0,0,0,0,0,-1,0.203967469331669,0,0,0,20006,0.62926122163351,0.223581792866406
"cakes","pies",0,0,1,0,0,0,0.816626426578992,0,0,0,22636,0.503401661070861,0.632445541062677
"calluses","corns",0,0,0,0,-1,0,-0.609339981057486,-2,-2,-1,5405,0.180018501387604,0.365782091860863
"candies","cookies",0,0,0,0,0,0,-1.80479814002493,0,0,0,2837,0.352485019386676,0.455214654893989
"captain","leader",-1,0,0,0,0,0,0.185598425598123,0,0,0,2031,0.586903003446578,0.460531132288559
"caresses","endearments",0,0,0,0,0,0,1.59842638192003,0,0,0,1151,0.705473501303215,0.547308730910465
"cattle","horses",0,0,0,0,0,0,-0.44778722202123,0,0,0,164491,0.494671440990692,0.491921434528343
"cause","consequence",0,0,0,0,0,1,1.57396459192866,2,2,1,11492,0.942046641141664,0.867778020371843
"cause","effect",0,0,0,0,0,1,-0.292014135396872,0,0,0,679208,0.989392056630664,0.780389610049408
"ceiling","walls",0,-1,0,0,0,0,-1.30174056971898,-1,-1,-1,90509,0.197074324100366,0.290524502303675
"celebration","ritual",-1,0,0,0,0,0,-0.598291389449122,-1,1,0,1211,0.299752270850537,0.362631940901202
"cents","dollars",0,0,-1,-1,0,0,-0.977692429756784,1,1,1,127135,0.00305973964683215,0.359351984688308
"certainty","order",0,0,0,0,0,0,-3.27283142676934,-1,-1,0,2092,0.323135755258126,0.423530461283803
"certainty","security",0,0,0,0,0,0,-1.98690820360864,0,0,0,5706,0.530844724851034,0.450316715978067
"chagrin","embarrassment",-1,0,0,0,0,0,-1.56799719005094,2,2,1,1283,0.505845674201091,0.515595014853932
"chair","table",0,0,-1,0,0,0,-1.69096801170969,1,1,1,34607,0.339179934695293,0.459238584762318
"chairs","sofas",0,1,1,0,0,0,2.96284687080072,1,1,1,35053,0.560722334750235,0.823976028203496
"chairs","table",0,-1,-1,0,0,0,-2.97300798892475,1,1,1,56411,0.105724060910106,0.347792854396967
"character","wisdom",0,0,-1,0,0,0,1.27597526949058,-1,-1,0,3043,0.513309234308248,0.437256882207544
"characters","situations",0,1,0,0,0,0,0.0916634917744297,1,-1,0,32957,0.817883909336408,0.662192999621505
"charm","variety",0,0,0,0,0,-1,-1.78566384616508,2,2,1,2705,0.437707948243993,0.259238326794132
"charts","maps",0,0,-1,0,0,0,-0.574191021095086,0,0,0,51057,0.240123783222673,0.381349555282206
"checks","money",-1,0,0,0,0,0,-2.71362465674442,1,1,1,7950,0.795094339622642,0.492181558222388
"chest","stomach",0,1,0,0,0,0,0.286580887786728,1,1,1,25203,0.711185176367893,0.693221317550253
"child","husband",0,0,0,-1,0,0,1.05653574013207,1,1,1,20834,0.0991168282614956,0.520095786409651
"child","wife",0,0,0,-1,0,0,0.542274310940744,0,0,0,166893,0.0221279502435693,0.3972250218052
"childhood","infancy",0,0,0,0,0,-1,1.40981087459679,1,2,1,103215,0.0183597345347091,0.299842788800599
"choice","decision",0,0,0,0,-1,0,-0.254885224057148,1,1,1,11325,0.760529801324503,0.584366850589408
"chopping","sawing",0,1,0,0,0,0,0.37842340499893,0,0,0,1425,0.494035087719298,0.594728738874187
"christmas","easter",0,0,1,0,0,1,1.31661620435849,0,0,0,47337,0.787122124342481,0.867650546759393
"chrome","glass",0,0,1,0,0,0,-3.5776635798608,0,0,0,7398,0.551094890510949,0.516422944524178
"church","community",-1,0,0,0,0,0,0.327796044068826,2,2,1,39253,0.829541691080936,0.5666489124823
"church","graveyard",0,1,1,0,0,0,4.67430618278673,1,0,0,2319,0.962052608883139,0.807313670741139
"city","country",0,0,0,0,0,1,0.148433708596457,0,0,0,106397,0.784975140276512,0.78847368000422
"city","county",0,0,0,0,0,1,0.829040122125942,0,0,0,315000,0.821015873015873,0.800533248795017
"city","state",0,0,0,0,0,1,-0.656967317409684,-1,-1,-1,184793,0.648276720438545,0.687117678596068
"clarity","precision",0,0,0,0,0,0,-0.40990515981005,-1,-1,0,28178,0.709809070906381,0.500619539890831
"classmates","friends",0,0,-1,0,0,0,-3.63825808128461,-1,0,0,13278,0.324823015514385,0.276593433651739
"clay","wax",0,0,1,0,0,0,1.14375819162736,0,0,0,2206,0.521305530371713,0.640660786642847
"cliches","stereotypes",0,0,0,0,0,0,-1.51963827754203,3,0,0,2899,0.595032769920662,0.571090036910207
"clippings","pictures",0,0,-1,0,0,0,-3.33413284846983,0,0,0,2541,0.535615899252263,0.313583249585461
"closets","drawers",0,1,0,0,0,0,-0.96116392660007,-1,-1,-1,10283,0.482738500437615,0.449297577743196
"clothes","dishes",0,0,1,0,0,0,1.19621277694587,1,1,1,4140,0.552415458937198,0.736056327036373
"coat","hat",0,-1,1,0,0,0,-0.0842453169129804,0,0,0,132073,0.438711924466015,0.529653206954571
"cod","salmon",0,0,1,0,0,0,-0.61321459957888,1,1,1,1472,0.503396739130435,0.696176164468457
"coffee","sandwiches",0,0,-1,0,0,0,2.32477940327176,1,1,0,19962,0.517483218114417,0.450210757803132
"coffee","toast",0,0,-1,0,0,0,1.99228589169364,-1,-1,-1,19739,0.457520644409545,0.343694677929498
"college","school",-1,0,-1,0,0,-1,-0.885624708979371,-1,-1,-1,301287,0.0276447374098451,0.0803750066692373
"college","university",0,0,0,-1,0,0,-0.730332131615782,3,1,0,296202,0.891962241983511,0.426562793828256
"colonel","mrs.",0,0,0,1,0,0,-1.31827737946707,0,0,0,18072,0.997565294378043,0.590343736796464
"color","imagery",-1,0,0,0,0,0,2.34597714267622,1,1,0,1105,0.649773755656109,0.511404238642212
"color","light",0,-1,0,0,0,0,-0.898510473257868,-1,-1,-1,83699,0.320171089260326,0.299628660039777
"color","scent",0,0,1,0,0,0,2.7006482567648,-1,-1,-1,4058,0.680137999014293,0.575809101890187
"color","texture",0,0,1,0,0,0,2.29273299181642,0,0,0,90359,0.761473677220863,0.668842906209188
"colors","forms",0,0,-1,0,1,0,-1.49850262847177,-1,-1,-1,31064,0.341842647437548,0.28165588302099
"comb","wattles",0,1,1,0,0,0,2.99118415356253,1,1,1,4962,0.953244659411528,0.824421733595465
"comedy","humor",0,0,0,0,0,0,-0.197261845264034,-1,-1,0,2098,0.412774070543375,0.506389885214203
"comedy","satire",1,1,0,0,0,0,0.981259211127529,0,-1,0,5139,0.682428488032691,0.694088275464347
"comfort","companionship",0,0,0,0,0,0,2.07272646269865,1,-1,-1,4138,0.772837119381344,0.522390972328951
"comfort","ease",0,0,0,0,0,0,0.134111801197482,-1,-1,-1,52544,0.287911084043849,0.398721604750284
"comings","goings",0,-1,0,0,0,1,-0.472771527983049,0,0,0,141234,0.912860925839387,0.715477415905901
"command","control",0,0,0,-1,0,0,-1.23921794124798,0,0,0,170958,0.973917570397408,0.351962287220122
"commands","statements",0,0,0,1,0,0,-1.02827621560317,1,1,1,1897,0.404849762783342,0.698151362030907
"commercialism","materialism",0,0,0,0,0,1,-1.96314287036768,1,0,0,1074,0.512104283054004,0.774085187763688
"completeness","unity",0,0,0,0,0,0,-2.21447822178779,1,1,0,4700,0.231914893617021,0.436647998469758
"complexity","obscurity",0,0,0,0,0,1,1.794422937562,0,0,0,1319,0.65049279757392,0.816741415192623
"comprehension","control",0,0,0,-1,0,0,-3.34236184759578,-3,-1,-1,1993,0.771700953336678,0.172166956163998
"concord","lexington",0,-1,0,0,0,-1,-0.211784525377883,1,2,1,55328,0.137163823019086,0.20582905548161
"concrete","steel",0,-1,0,0,0,0,-0.426566942537153,-1,-1,-1,83832,0.451033018417788,0.310488492456483
"conduct","manners",-1,1,0,0,0,0,1.40543336342985,0,0,0,5138,0.395679252627481,0.574537799238878
"confusion","congestion",0,0,0,0,0,1,1.87576323474533,0,0,0,1755,0.405128205128205,0.818059293080285
"confusion","fear",0,0,0,0,-1,0,-1.22177335978867,-1,-1,-1,27042,0.386361955476666,0.343548951036675
"confusion","turmoil",0,1,0,0,-1,0,1.87353021314379,0,-1,-1,11154,0.348215886677425,0.539828029782557
"confusions","contradictions",0,0,0,0,-1,-1,-1.89091788383026,2,0,0,4304,0.555994423791822,0.218935795916923
"conscience","religion",0,0,1,0,0,0,-1.39876328841616,0,0,0,15154,0.700409132902204,0.574989651769802
"contemporary","friend",0,0,-1,0,0,0,-0.975297925557452,-3,-1,-1,13050,0.521149425287356,0.22114830711685
"contraction","dilatation",0,0,0,0,1,0,1.35631821549148,2,0,0,3691,0.610674613925765,0.632519451398207
"contraction","dilation",0,0,0,0,1,0,1.88135082649582,0,0,0,3161,0.461879152167036,0.576898684705499
"control","growth",0,0,0,1,0,0,0.675684865954025,0,0,0,3621,0.180060756697045,0.641489377459643
"control","intelligence",0,0,0,1,0,0,1.7289213120841,2,2,1,2022,0.532640949554896,0.751592801143824
"corruption","crime",0,0,0,0,0,-1,-1.34567335343994,-1,-1,-1,16627,0.190954471642509,0.135313397606082
"cost","upkeep",0,0,0,0,0,1,5.05241921340353,1,0,0,1881,0.939393939393939,0.880068016140579
"costumes","masks",0,-1,0,0,0,0,-0.0306718708060227,-1,-1,-1,12920,0.441176470588235,0.319762927305564
"cotton","tobacco",0,0,1,0,0,0,0.546940388079129,0,-1,-1,40004,0.71000399960004,0.553987100637804
"council","governor",0,-1,0,-1,0,0,0.444225364130794,1,1,0,100783,0.0114106545746803,0.313340765232054
"counterpoint","harmony",1,0,-1,0,0,0,-2.49135475377674,0,2,1,14622,0.124811927232937,0.407016995819366
"counties","towns",0,0,-1,0,0,0,-0.63876452954816,-1,-1,-1,26566,0.434389821576451,0.282422426899892
"county","village",0,0,-1,0,0,0,0.691992669848439,0,0,0,2834,0.429075511644319,0.414261089809957
"courage","hope",0,0,0,0,0,0,-1.46049769634652,-1,-1,-1,37808,0.43173402454507,0.358037533403936
"cousins","uncles",0,0,0,-1,0,0,1.099876663928,0,0,0,21181,0.18450498087909,0.411804075900745
"crannies","nooks",0,-1,0,0,0,0,-0.5548631068541,-1,-1,-1,46060,0.00264871906209296,0.307514874257162
"cream","peaches",0,0,-1,0,0,0,2.23623400772353,1,1,1,13614,0.0193918025561921,0.565347997252523
"crime","poverty",0,0,-1,0,1,0,0.423280722615978,2,2,1,21270,0.372919605077574,0.531197944776212
"crime","punishment",0,0,0,0,0,1,0.560492998760235,2,2,1,131945,0.988593732236917,0.854636634103919
"crime","violence",1,0,0,0,0,0,0.0343585315992847,2,2,1,63327,0.729609803085572,0.651496490859478
"crises","problems",-1,0,0,0,0,0,-3.36309936538153,0,0,0,6694,0.25440693158052,0.367392028794662
"crops","livestock",0,-1,0,0,0,0,0.917247536134051,1,0,0,41356,0.880670277589709,0.48367321223432
"curettage","dilatation",0,0,0,0,0,-1,-1.73926088955409,1,-1,0,15649,0,0.243204072844383
"cuts","wounds",-1,0,0,0,0,0,0.137226047247992,0,0,0,5438,0.776756160353071,0.459226860652768
"cysts","tumors",0,0,-1,0,-1,0,-1.41632195655323,1,1,1,11633,0.496948336628557,0.444446444681904
"dairy","poultry",0,0,0,0,0,0,0.386569124000546,0,0,0,13945,0.689996414485479,0.514559293154125
"danger","threat",1,0,0,0,0,0,0.494464600677826,-1,-1,-1,4180,0.43133971291866,0.455856442008603
"dark","light",0,-1,0,0,0,0,-0.846245251544985,0,0,0,292691,0.244537754833596,0.400892028956578
"dates","events",1,0,1,0,0,0,-1.5152157316055,0,0,0,15058,0.733829193784035,0.618748586973101
"daughter","son",0,0,0,-1,0,0,-0.70246244194599,-1,-1,-1,190092,0.24350314584517,0.27016160893692
"day","night",0,1,0,0,0,0,0.85837039946318,0,0,0,1876827,0.697528861210969,0.607221499105391
"days","nights",0,1,0,0,0,0,2.67316674230292,0,0,0,445957,0.914446908558448,0.653089381245014
"days","years",0,0,1,0,0,1,-0.849834633892719,0,0,0,31764,0.879297317718172,0.83823740185225
"death","life",0,-1,-1,0,0,-1,-1.05848340434882,0,0,0,1142991,0.0619278716980274,0.104713100505184
"debate","discussion",-1,0,0,0,0,0,-1.20475097959482,1,1,1,59247,0.308184380643746,0.533080189869105
"december","may",0,0,0,0,0,-1,-2.84459930100713,-1,-1,-1,9064,0.302294792586055,0.117379361232605
"democracy","liberty",1,0,0,0,0,0,-0.0748339961311899,0,0,0,29095,0.383158618319299,0.550529461374345
"dentist","doctor",0,0,-1,0,0,0,-2.7365917936325,0,0,0,5556,0.147948164146868,0.327711031780857
"depth","force",0,0,0,-1,0,0,-1.48744696927569,0,0,0,4062,0.615952732644018,0.345841178607584
"desolation","misery",0,0,0,0,1,0,-1.46633337228423,-1,1,0,4427,0.372487011520217,0.407574045472433
"despair","futility",0,0,0,0,1,0,1.86766788141318,2,2,1,2723,0.365773044436284,0.672503558562226
"despair","rage",0,0,0,0,-1,0,0.114025831558937,0,0,0,17146,0.173276565962907,0.484786752057808
"detection","removal",0,0,0,0,0,1,-0.484076348680183,0,0,0,3333,1,0.776795652729243
"detective","police",0,0,0,-1,0,0,-2.04583663165969,-1,-1,-1,2346,0.219948849104859,0.242388628393621
"determination","faith",0,0,0,0,0,0,-0.830087894156858,-3,-1,-1,4173,0.260244428468728,0.308863322561306
"development","practice",0,0,0,0,0,0,0.607362804387986,-1,-1,0,7770,0.718661518661519,0.528196110229206
"development","research",0,0,0,0,0,-1,0.222714831916566,-1,-1,0,1380352,0.019250162277448,0.229312749777046
"devotion","effort",0,-1,0,0,0,0,-1.81924994818061,0,0,0,1231,0.310316815597076,0.375810046992967
"diagnosis","treatment",0,0,0,0,0,1,-1.43873997968853,-2,0,0,448278,0.99130004149211,0.701296774195027
"diagrams","sketches",0,0,0,0,0,0,-0.0197192304101925,-1,1,1,2961,0.391421816953732,0.54135909847088
"diamonds","rubies",0,0,1,0,0,0,1.8698049762338,0,0,0,18750,0.60896,0.658596689301288
"dirt","sweat",0,-1,0,0,0,0,0.155880545203658,0,0,0,11621,0.476637122450736,0.427277568657256
"discretion","moderation",0,0,0,0,0,0,1.19809183608628,2,0,0,2059,0.469159786304031,0.607382872441191
"discussion","thought",0,1,0,0,0,-1,-1.24142586697257,-1,-1,-1,24358,0.0763198949010592,0.179862700237895
"disdain","indifference",0,-1,0,0,1,0,-1.08315293199743,2,2,1,1129,0.326837909654562,0.518250521095952
"distress","pain",1,-1,0,0,0,0,-1.77064906921622,0,0,0,24052,0.180359221686346,0.423736641829219
"doctors","fathers",0,0,0,0,0,0,-0.0849586805148874,0,0,0,5235,0.126647564469914,0.501767128597852
"dogs","men",0,-1,0,0,0,0,-2.83775774804144,0,0,0,24614,0.348622735028845,0.350252031446719
"domination","influence",0,0,0,1,0,0,-2.69567854993382,-1,1,0,2524,0.38351822503962,0.473825362469893
"doorways","windows",0,0,1,0,0,0,-3.64456197997535,0,1,1,14085,0.497550585729499,0.587855639854406
"doubts","fears",0,0,0,0,-1,0,-0.538372499423469,0,0,0,71893,0.772286592575077,0.467124831957451
"doubts","suspicions",0,0,0,0,0,1,0.919312218754932,1,1,1,7417,0.832816502629095,0.863075593663521
"dreams","plans",0,-1,0,0,0,0,-0.798263287578493,0,0,0,11614,0.482865507146547,0.402143641832031
"drudgery","monotony",0,0,0,0,-1,0,-0.544635181392742,0,0,0,1332,0.495495495495495,0.466955614449711
"ears","eyes",0,0,-1,0,0,0,-2.09026634308325,0,0,0,304481,0.128983417684519,0.343351000296417
"ears","hair",0,-1,1,0,0,0,-1.12073303251999,0,0,0,4651,0.432595140829929,0.501559941851696
"earth","sky",0,1,0,0,0,0,1.09307174757129,0,0,0,131176,0.784350795877295,0.613281022702411
"economist","historian",0,-1,0,0,0,0,-1.02041295167235,0,0,0,3086,0.474400518470512,0.396359814550581
"editing","publishing",0,0,0,0,0,1,-1.20141870395268,0,0,0,11644,0.875214702851254,0.763004170653011
"editor","publisher",0,0,0,0,0,1,0.83781436272657,0,0,0,125503,0.841868321872784,0.800685293506871
"education","industrialization",0,0,1,0,0,0,3.68697810681076,2,0,0,1068,0.623595505617977,0.758465061955769
"education","skill",0,0,-1,0,0,0,1.81633399650211,-3,-1,-1,10876,0.726921662375873,0.277689606036268
"effort","resources",0,0,0,0,0,0,-0.0738858114927545,1,1,0,12297,0.741644303488656,0.49439709573171
"eggs","ham",0,0,0,0,0,0,1.31058993723633,0,0,0,59981,0.1829079208416,0.539556556221189
"egypt","europe",0,0,-1,0,0,0,-1.17569799076026,0,0,0,3595,0.43115438108484,0.366068942336569
"elbows","knees",0,1,0,0,0,0,-1.65377859446609,-1,0,0,48397,0.498687935202595,0.504490039932653
"elegance","purity",0,0,0,0,0,0,-1.08017102656918,0,0,0,3859,0.323918113500907,0.474780582682916
"eloquence","force",0,0,0,-1,0,0,-3.58925485134778,-2,-2,-1,4562,0.278167470407716,0.218149037639452
"emotion","meaning",0,0,1,0,0,0,-1.60774604166928,0,0,0,7218,0.56857855361596,0.56943666058776
"ends","odds",0,0,0,0,0,0,1.59703113705967,0,0,0,188194,0.00376738897095552,0.547271205603019
"energy","money",0,-1,0,0,0,0,-0.307190629677368,-1,-1,0,31490,0.526516354398222,0.422492098416318
"engineers","scientists",0,0,0,0,0,-1,-0.243281692412523,0,2,1,229487,0.251025112533608,0.236406680797328
"english","german",0,0,1,0,0,0,0.442413998594549,0,0,0,148633,0.567619573042326,0.62295300869104
"enthusiasm","warmth",0,0,0,0,1,0,0.493774285406511,-3,-1,-1,5100,0.170392156862745,0.360731422282095
"environment","heredity",0,0,-1,0,0,0,2.96139546118058,0,0,0,89156,0.0789739333303423,0.475013227062239
"equipment","personnel",0,-1,0,0,0,0,0.650614968822499,1,-1,-1,64626,0.414136725157058,0.403493921118963
"error","trial",0,-1,0,0,0,-1,-0.0455497105677125,0,0,0,454209,0.000486560151824356,0.168236300046154
"errors","omissions",0,1,0,0,0,0,2.61975836912186,0,0,0,58890,0.936644591611479,0.651774700817361
"evening","morning",0,-1,0,0,0,-1,-0.533727314712554,0,0,0,282270,0.0763595139405534,0.160950707041999
"evenings","sundays",0,0,1,0,0,0,0.458504558366744,0,-1,-1,3744,0.821848290598291,0.551613906040759
"everybody","everything",0,1,0,0,0,0,-1.44212871638794,-1,-1,-1,88771,0.362674747383718,0.43641644451702
"example","precept",0,0,0,-1,0,0,5.18109899591079,0,-1,-1,37431,0.18751836712885,0.447656623389354
"excitement","fatigue",0,1,0,0,0,0,0.402382491754642,-1,-1,-1,6150,0.446991869918699,0.486130052562373
"expense","time",0,1,0,0,0,0,-3.61092580846832,0,0,0,78761,0.0926727695179086,0.487627162449719
"experiences","reactions",0,0,0,0,0,1,0.237105670338046,-2,-2,0,5219,0.766813565817206,0.800071489012891
"eyes","face",-1,0,0,0,0,0,-0.0119474867305769,0,0,0,61214,0.312657235272977,0.455208265398693
"eyes","hair",0,-1,1,0,0,0,0.969533310563261,0,0,0,108355,0.349683909371972,0.5580228037421
"face","figure",0,1,0,0,0,0,-0.267431233283723,1,1,1,57306,0.922974906641538,0.680285428681755
"factories","industries",0,1,0,-1,0,0,-1.0268651683305,0,0,0,3465,0.661471861471862,0.435070154854395
"facts","figures",0,0,1,0,0,0,0.000394008345065089,1,1,1,183738,0.978387704231025,0.710077997184076
"facts","techniques",0,0,0,0,0,0,0.167354810524596,0,0,0,1703,0.901350557839107,0.508613541892803
"fairness","moderation",0,0,0,0,0,0,0.411515657139987,2,0,0,1517,0.611733684904417,0.586845591746815
"faith","life",0,0,-1,0,0,0,-1.94856627886508,0,0,0,44519,0.696242053954491,0.346827298322463
"faith","love",0,0,-1,0,0,0,-1.02299320592844,0,0,0,130104,0.690178626329705,0.369924161379883
"fall","rise",0,-1,0,0,0,0,0.334721402821717,0,0,0,746325,0.0299480789200416,0.432034831655529
"fall","winter",0,0,0,0,0,1,0.50122400484365,1,1,1,174361,0.986579567678552,0.857623366633745
"family","neighborhood",0,0,1,0,0,0,2.50685286919746,0,-2,-1,17862,0.836244541484716,0.646849100981052
"farms","fields",0,0,1,0,0,0,-1.33968084756664,0,0,0,11526,0.436751691827173,0.576556200374885
"father","mother",0,0,-1,1,0,0,0.0921750816451485,0,0,0,1590868,0.601676569017668,0.520166015514747
"father","son",0,0,0,1,0,0,0.413296215698605,-1,-1,-1,486090,0.967923635540743,0.52789800176922
"father","uncle",0,0,1,0,0,0,1.97362281846623,0,0,0,52100,0.90852207293666,0.661126076831294
"fathers","mothers",0,0,-1,1,0,0,-0.131776521221745,0,0,0,315907,0.492318941967098,0.514095648647679
"fear","relief",0,-1,0,0,1,0,0.6727511687895,0,0,0,2765,0.645931283905967,0.463236516949213
"fear","want",0,-1,0,0,1,0,-1.07665468086785,0,0,0,9491,0.641555157517648,0.41648478468642
"feelings","thoughts",0,0,0,0,1,0,0.0572404841887497,-1,-1,-1,480072,0.151364795280708,0.418338269014786
"feet","hands",0,-1,0,0,0,0,-0.0438440784542706,0,0,0,574548,0.117742991012065,0.421980678785593
"feet","heads",0,-1,0,0,0,0,1.33957540463219,0,0,0,7570,0.212417437252312,0.458973603055891
"feet","legs",0,-1,0,0,0,0,1.33615265253332,0,0,0,194658,0.389298153684924,0.458881343532605
"female","male",0,0,0,-1,0,0,-0.00993680324979351,-1,0,0,1742846,0.0736479298802074,0.34933267702213
"fiction","poetry",0,0,0,0,0,0,-0.55329943822867,1,1,0,65232,0.500935123865587,0.481395175972886
"field","stream",0,1,0,0,0,0,1.55791999839629,0,0,0,15417,0.964195368748784,0.62517796597773
"fields","homes",0,0,-1,0,0,0,0.609368705927093,0,0,0,6083,0.307414104882459,0.412086468105303
"figures","words",0,0,-1,0,0,0,-1.24653040178476,-1,-1,-1,19044,0.116729678638941,0.269246063238445
"file","rank",0,1,0,0,0,0,0.945394565962747,0,0,0,500989,0.000357293273904213,0.60947225320781
"fingers","mouth",0,-1,0,0,0,0,-0.695152647824351,-1,-1,-1,2949,0.380807053238386,0.304281480886276
"fingers","thumb",0,-1,0,-1,0,0,1.1624432364157,-1,-1,-1,59440,0.454239569313594,0.246467191497219
"fire","light",0,0,0,0,1,0,-0.656001424998912,-1,-1,-1,21101,0.56158475901616,0.399626344586577
"fire","police",0,-1,0,0,0,0,0.539455161873711,-1,-1,-1,126094,0.278371690960712,0.333371973669977
"firepower","speed",0,0,0,0,1,0,-4.52826368629531,-2,-1,-1,1016,0.198818897637795,0.274411973868372
"fish","vegetable",0,1,1,0,0,0,1.60887335342057,2,2,1,5385,0.667409470752089,0.796710804205395
"fits","starts",0,0,0,0,1,0,-0.656723770711771,0,0,0,71456,0.995367778772951,0.508634876654241
"flame","smoke",0,0,1,0,0,1,-0.541324036786643,0,0,0,45767,0.448423536609347,0.842727125153521
"flames","smoke",0,0,1,0,0,1,-1.13737547846223,0,0,0,33304,0.429287773240452,0.833960249886335
"flames","sparks",0,0,0,0,1,0,0.735130647188546,0,0,0,4256,0.482377819548872,0.546274935113195
"flesh","skin",0,0,0,0,0,0,-0.912706578324329,0,0,0,27576,0.353532056861039,0.47931560837119
"flight","terror",0,1,0,0,0,-1,0.690978544453969,1,1,1,1152,0.297743055555556,0.395506142173714
"flowers","hearts",0,0,-1,0,0,0,0.617858642185009,-1,-1,-1,9516,0.0502311895754519,0.310867092475287
"flowers","herbs",0,0,1,0,0,0,1.89578103911398,-1,-1,-1,27473,0.417864812725221,0.554340269245113
"flowers","plants",-1,0,0,0,0,0,-0.403390810241373,-1,-1,-1,78739,0.385387165191328,0.339890114314354
"fog","mist",0,0,0,0,1,0,0.107685397440855,0,0,0,15420,0.570881971465629,0.529346426621223
"folklore","legend",0,0,0,0,-1,0,-0.950304583018715,0,1,1,5914,0.518092661481231,0.530025752206921
"food","shelter",0,0,1,0,0,0,2.34821414412166,1,1,1,147749,0.876560924270215,0.759624603716952
"force","violence",1,0,0,0,0,0,1.30856492178492,2,2,1,63181,0.921922729934632,0.682208723036462
"foreboding","gloom",0,0,0,0,1,0,-1.60344227137465,-1,-1,-1,1057,0.136234626300851,0.375224360560246
"forefinger","thumb",0,0,1,-1,0,0,-1.90204330925734,-2,-1,-1,193360,0.102906495655772,0.303386534637207
"fork","spoon",0,1,1,0,0,0,0.401522231390267,0,0,0,20391,0.654455396988868,0.695051230896352
"forms","materials",0,0,0,0,0,0,0.346780469428083,2,2,1,10721,0.565712153717004,0.614174772043714
"fragrance","taste",0,0,-1,0,0,0,-2.45330172213567,-1,-1,-1,1816,0.455947136563877,0.244262975325754
"freedom","security",0,0,0,0,0,0,-0.144883185615146,1,1,0,30628,0.584432545383309,0.492470710780573
"friends","partners",0,0,-1,0,0,0,1.77318660543361,1,1,1,10050,0.613134328358209,0.552958423627475
"friends","relations",0,0,-1,0,0,0,0.2183185186347,1,1,1,83205,0.674130160447089,0.510960193332071
"fruit","nuts",0,0,1,0,0,0,1.49847863277045,0,0,0,20149,0.794878157724949,0.649476469222053
"fruits","vegetables",0,0,0,0,0,0,0.128017054783113,2,2,1,667661,0.850105068290644,0.608532524219845
"fulfillment","pleasure",1,0,0,0,0,0,-1.86343866419854,0,0,0,2775,0.206486486486486,0.502163553420217
"fun","games",1,-1,0,0,0,0,-0.0950485047114178,0,0,0,54491,0.975188563248977,0.468650297605767
"fun","pleasure",-1,0,0,0,0,0,-0.579031481105162,1,1,1,6132,0.684605348988911,0.54994220532284
"fungicides","insecticides",0,-1,-1,0,0,0,-1.09140068509369,0,0,0,11397,0.218390804597701,0.296056603947291
"funnels","masts",0,0,-1,0,0,0,-1.33903806126621,-1,-1,-1,2592,0.258101851851852,0.267274886262067
"fury","pain",0,-1,0,0,0,0,-2.36515770145561,-1,-1,-1,5310,0.290395480225989,0.267317831686987
"future","past",0,0,0,0,0,-1,-0.107364338544691,-1,-1,-1,283153,0.042132698576388,0.151825680333261
"gaiety","spirit",0,0,0,0,1,0,-4.0997224079036,-1,-1,0,1148,0.391114982578397,0.423476766709205
"gambling","vice",-1,0,0,0,0,0,-1.59094511307735,-2,-2,-1,3997,0.505379034275707,0.318209645724271
"games","races",1,0,0,0,0,0,0.695532154550353,1,1,1,3815,0.558846657929227,0.674383414217144
"gardens","lawn",0,0,-1,0,0,0,0.684938375377115,-1,-1,-1,2244,0.208110516934046,0.31242916749189
"gas","light",0,0,0,0,0,0,-1.15016543621925,0,0,0,5578,0.484582287558265,0.472886285993102
"gas","oil",0,-1,0,0,0,0,-0.310324220744494,0,0,0,1040905,0.0854477594016745,0.414941422983592
"generalists","specialists",1,0,0,0,0,0,-3.53712031558193,-1,-1,0,6474,0.538461538461538,0.464474095799293
"gentlemen","ladies",0,0,-1,1,0,0,-0.28399747738367,-1,-1,0,501922,0.0913528396842538,0.517631882679496
"gentleness","sweetness",0,0,0,0,0,0,-0.56683624889752,-1,-1,0,5275,0.465971563981043,0.496360824338305
"gin","tonic",0,0,1,0,0,0,-0.0186726126972196,1,1,1,36799,0.998124949047528,0.709651726067798
"glass","rubber",0,1,0,0,0,0,1.32004252372984,1,1,1,4071,0.608204372390076,0.716548852602862
"glass","steel",0,-1,0,0,0,0,0.318652965638684,0,0,0,41200,0.462912621359223,0.431606876035653
"god","man",0,0,0,1,0,0,-0.518086473787207,0,0,0,501367,0.823829649737617,0.611173713204267
"goods","services",0,1,0,0,0,0,-0.671479908800421,2,2,1,1553253,0.992598115052731,0.663859347253653
"grace","modesty",0,1,0,0,0,0,2.45524089858189,2,2,1,2152,0.587360594795539,0.734963085859806
"grains","seeds",0,0,1,0,0,0,-0.545104045073163,0,0,0,8920,0.592040358744395,0.597462822607755
"grapefruit","oranges",0,0,-1,0,0,0,-0.958563150170486,1,2,1,7753,0.18986198890752,0.435467687637146
"gratitude","joy",0,0,0,0,-1,0,-1.27335781271401,-2,0,0,30564,0.280984164376391,0.377199219410136
"grease","sweat",0,-1,0,0,0,0,-0.895520222437041,0,0,0,2001,0.525737131434283,0.399608032228897
"groups","individuals",0,-1,0,0,0,0,0.599729375487513,4,2,1,441733,0.252145526822764,0.612101023236043
"guidance","information",0,0,0,0,0,-1,-2.5979185870941,2,0,0,32507,0.176269726520442,0.22113153392924
"gums","teeth",0,0,-1,0,0,0,-2.9570662212372,0,0,0,36148,0.173536571871196,0.322460131451403
"habitat","habits",0,-1,0,0,0,0,-1.01615467143106,-1,1,1,5478,0.401058780576853,0.433268319234186
"habits","movements",0,0,0,0,0,0,-0.597210447451605,0,0,0,2899,0.347706105553639,0.487868080623048
"habits","thought",0,0,0,0,0,0,-2.61604704135086,-1,-1,-1,2299,0.418877772944759,0.329747180160092
"hair","skin",0,1,0,0,0,0,0.181515601102806,0,0,0,93412,0.386684794244851,0.589566625196868
"hallucinations","visions",-1,0,0,0,0,0,-1.19693274469662,-2,0,0,1974,0.273556231003039,0.354742038089621
"hands","knees",0,1,0,0,0,0,2.08949838936496,0,0,0,339150,0.981444788441692,0.638599030492319
"happiness","laughter",0,-1,0,0,0,0,0.551352704037921,-1,-1,0,3072,0.413736979166667,0.445380053149736
"happiness","pain",0,1,0,0,0,0,-1.10257349263795,-2,-2,-1,3609,0.599612080908839,0.45309424882521
"happiness","warmth",0,0,1,0,0,0,0.9573401627715,-2,-2,-1,2791,0.182013615191688,0.536693114852033
"hardships","trials",0,0,0,0,0,0,-1.57215997615246,0,0,0,8611,0.337707583323656,0.461484072278506
"head","shoulders",0,1,0,0,0,0,2.2634412595121,1,1,1,252972,0.95521243457774,0.736879849585351
"head","tail",0,1,0,0,0,0,2.40971758308632,0,0,0,73606,0.945126755970981,0.646582107848167
"head","teeth",1,1,0,0,0,0,1.92531432110625,0,0,0,1481,0.740040513166779,0.678330241526852
"health","spirits",0,1,0,0,0,0,2.006343205156,1,1,1,50385,0.96435447057656,0.73143309192192
"hearing","sight",0,0,-1,0,0,0,-0.203407330367206,-1,-1,-1,79594,0.137661130235947,0.292097562383301
"heart","mind",0,-1,0,0,0,0,-0.209517858214941,0,0,0,433049,0.466314435548864,0.417600374309689
"heir","son",0,0,-1,1,0,0,-2.95336507472767,0,0,0,137375,0.00321019108280252,0.437850473474782
"help","understanding",0,1,0,0,0,0,0.850967674533628,3,1,1,10362,0.5557807373094,0.762505731228251
"history","identity",0,0,0,0,0,1,1.67759502885514,0,0,0,13980,0.670672389127325,0.814835630191962
"honey","milk",0,0,-1,0,0,0,-1.14221485341824,-1,-1,-1,113327,0.0563590318282492,0.271479827940524
"horses","wagons",0,1,0,0,0,0,1.91205160003845,0,0,0,28583,0.72550117202533,0.63414175513578
"hostility","indifference",0,-1,0,0,1,0,0.163839806265095,0,0,0,4279,0.313624678663239,0.449531714269547
"hotels","pensions",1,0,0,0,0,0,0.915041235883008,1,1,1,4962,0.90689238210399,0.679593931018844
"hours","miles",0,-1,0,0,0,0,0.2362661918648,0,0,0,3820,0.413612565445026,0.429414260741811
"houses","shops",0,0,1,0,0,0,1.34794239290552,-1,-1,-1,33872,0.61443079829948,0.539605408159495
"humility","pride",0,0,0,0,-1,0,-1.62865496840152,-2,-2,-1,12307,0.303323311936296,0.340514316995846
"husband","wife",0,0,0,1,0,0,-0.514261429191325,-1,-1,-1,1075512,0.974598144883553,0.502755012517924
"husbands","wives",0,0,0,1,0,0,-0.652517327137922,-1,-1,-1,272233,0.895655559759471,0.499003067049278
"ice","snow",0,1,0,0,0,0,0.196347166922195,0,0,0,278789,0.409417157778822,0.589956150854501
"ice","water",0,1,0,0,0,0,-2.07340020163161,1,1,1,54953,0.516896256801266,0.636231081708589
"illinois","missouri",0,-1,0,0,0,0,0.357732947206218,-1,1,1,25009,0.556879523371586,0.470187639815023
"imagination","originality",0,0,0,0,0,0,2.0424730727917,1,1,0,4763,0.493176569389041,0.551645541649896
"importance","validity",0,0,0,0,0,-1,1.58316211974493,1,1,0,4610,0.393709327548807,0.244921626158973
"improvements","land",0,0,-1,0,0,-1,-2.48524640590179,-1,-1,-1,17036,0.0386827893871801,0.0819410416681235
"inclination","time",0,0,0,0,0,0,-5.13452082979473,-3,-1,-1,10476,0.0252004581901489,0.218796805452268
"individualism","socialism",0,1,0,0,0,0,-0.920468507500715,-3,0,0,6126,0.654913483512896,0.452043845631891
"influence","power",0,0,0,-1,0,0,-1.06011021216316,-1,-1,0,314032,0.18890113109492,0.363478197532033
"influence","prestige",0,0,0,1,0,0,2.46125526764613,-2,-2,-1,40191,0.346072503794382,0.590177773614861
"information","material",0,-1,0,0,0,0,0.689440697967896,-1,1,0,17241,0.488486746708428,0.364540586573816
"initials","names",0,0,-1,0,0,0,-3.23447818883535,-1,-1,-1,5373,0.273962404615671,0.228950631488894
"ink","paper",0,-1,0,0,0,0,-2.54050224115778,1,1,1,58599,0.472260618781891,0.464057005549892
"integrity","unity",0,0,0,0,0,0,-0.686731755680473,0,0,0,9540,0.253878406708595,0.485440395948575
"interest","payments",0,0,-1,0,0,0,2.06092671173707,-1,-1,0,4047,0.224610822831727,0.458323259214053
"intonation","phrasing",0,0,-1,0,0,0,-0.024585907340354,0,0,0,1097,0.394712853236098,0.395520899410707
"investment","risk",0,0,0,0,0,1,-0.445712777159219,-1,-1,-1,3621,0.663352665009666,0.692026485019641
"iron","wood",0,0,0,1,0,0,0.0265763257577483,-1,-1,-1,29016,0.299317617866005,0.517425181351634
"irony","satire",-1,0,0,0,0,0,0.437784671433976,0,-1,0,8231,0.587534928927226,0.511208881212332
"jacket","trousers",0,1,0,0,0,0,0.821472666099927,0,0,0,18202,0.789198989122075,0.606265809797351
"jams","jellies",0,0,0,0,0,0,0.509308553261338,1,1,1,24827,0.803198131066984,0.62556120183731
"jaws","teeth",0,-1,-1,0,0,0,-2.08477692421162,0,0,0,26610,0.520556181886509,0.27408794235266
"joy","pleasure",0,0,0,0,0,0,-0.245119814689158,1,1,1,28376,0.658901888920214,0.60619035548278
"july","june",0,0,0,0,0,-1,-0.100152406325194,0,0,0,154093,0.00142121965306663,0.217903353549738
"kind","quantity",0,0,1,0,0,0,1.53545440045328,2,2,1,18201,0.73528926982034,0.737247875454856
"kingston","montreal",0,-1,0,0,0,0,-0.733046894854491,1,-1,-1,7177,0.365055036923506,0.367925518149188
"kitchen","pantry",1,0,0,0,0,0,3.17719158129281,0,0,0,8200,0.78719512195122,0.635485452365713
"knowledge","skills",0,0,-1,0,0,0,1.13912390931231,-1,-1,-1,437430,0.668605262556295,0.323116877890614
"labor","money",0,0,0,0,0,0,-0.376994882937719,0,0,0,17606,0.450357832557083,0.493842198182586
"laborers","servants",0,0,0,0,0,0,-0.969085426453324,-1,-1,0,7407,0.446874578101796,0.485448672540361
"land","sea",0,1,0,0,0,0,0.589392686878433,0,0,0,413757,0.688761761130325,0.60023630991731
"landings","takeoffs",0,0,0,0,0,-1,2.58235825364291,0,-1,-1,17024,0.228853383458647,0.216973704144414
"law","order",0,1,0,0,0,1,-0.0567054532849163,1,1,1,682080,0.985217276565799,0.887084889050064
"law","sovereignty",0,0,0,0,0,0,3.3188608074992,2,2,1,2097,0.629470672389127,0.687298388133279
"leather","paper",0,1,-1,0,0,0,-2.07151928748132,0,0,0,3714,0.460420032310178,0.42063139609577
"leaves","limbs",0,0,-1,0,0,0,1.94821104286782,0,0,0,3832,0.306367432150313,0.44768882514151
"lecturer","writer",0,0,-1,0,0,0,-2.69832576409363,-1,-1,0,15994,0.365011879454796,0.335431738431221
"left","right",0,-1,0,0,0,0,-0.326632574511013,0,0,0,1786858,0.432671762389625,0.414511721370386
"legs","torso",0,-1,-1,0,0,0,2.89896583187817,1,0,0,8829,0.484086533016197,0.428494241154631
"length","quality",0,1,1,0,0,0,0.0100765056338581,2,2,1,10492,0.624571101791841,0.767153992269042
"length","weight",0,1,0,0,0,0,0.153034116478047,0,0,0,30128,0.553903345724907,0.588818293160981
"letters","magazines",0,0,1,0,0,0,1.84502011056677,1,-1,-1,1182,0.645516074450085,0.623091638798537
"liberalism","progress",0,0,0,0,0,0,-2.44618709744478,-3,0,0,1123,0.656277827248442,0.335321285726042
"libraries","museums",0,0,1,0,0,0,1.07080977646952,-1,0,0,33304,0.630434782608696,0.604756835309002
"life","promise",0,0,1,0,0,0,2.77336707113622,1,1,1,1481,0.86900742741391,0.767950318056632
"life","religion",0,0,1,0,0,0,2.06874246529162,1,1,1,20659,0.568468948158188,0.754041654880208
"light","shadow",0,0,0,0,0,1,2.22875316194841,1,0,0,128575,0.908356990083609,0.843771356014187
"light","sound",0,0,1,0,0,0,0.750991368225293,0,0,0,68749,0.589579484792506,0.630787767904119
"linen","silk",0,0,1,-1,0,0,-0.800047674898941,-1,-1,-1,9625,0.45787012987013,0.362019357793688
"liquids","powders",0,-1,1,0,0,0,0.97560362963292,0,0,0,2530,0.432806324110672,0.558185314804893
"location","size",0,0,1,0,0,0,-0.889509419166512,-1,-1,-1,104236,0.313404198165701,0.478981205965208
"love","veneration",0,0,1,0,0,0,4.92472862625605,3,1,1,11653,0.757058268257101,0.848165671323529
"machinery","power",0,1,1,0,0,0,-2.77160548702713,-1,-1,0,11022,0.272455089820359,0.62482446757838
"machinery","tractors",1,0,-1,0,0,0,2.49814498916682,-1,-1,0,2213,0.483054676909173,0.518743374911904
"magazines","newspapers",0,0,0,0,0,0,-0.600321966371816,0,1,1,378784,0.299798829940019,0.561629830019559
"magic","superstition",0,1,0,0,0,0,1.66874326095246,2,0,0,11125,0.698606741573034,0.692874787616383
"malaria","typhoid",0,0,0,0,0,0,0.259569500152187,-1,-1,0,3188,0.642095357590966,0.518778839123979
"mamma","papa",0,0,1,-1,0,0,-1.00988105042204,0,0,0,30494,0.265560438118974,0.463130940772603
"man","nature",0,1,0,0,0,0,1.06316149184311,1,1,1,178124,0.722592126832993,0.710851220806476
"man","wife",0,0,0,1,0,0,1.53338744275874,0,0,0,213993,0.99767749412364,0.662608271860619
"man","woman",0,0,0,1,0,0,1.17789881698378,1,1,1,731849,0.960577933426158,0.746114190737489
"math","science",0,0,0,0,0,0,-2.35851917636494,1,1,1,123868,0.764911034326864,0.550307579799029
"meaning","origin",0,0,0,0,0,-1,0.613122148002919,1,1,0,30841,0.154956064978438,0.225974497259574
"means","motives",0,1,0,0,0,-1,2.78062853046262,1,1,1,2767,0.509577159378388,0.45081201887047
"men","objects",0,1,0,0,0,0,1.98516581818373,1,1,1,1870,0.742780748663102,0.730981270700171
"men","officers",0,0,0,-1,0,0,1.96111308334225,2,2,1,457386,0.0905996248245464,0.536916874046229
"men","women",0,0,0,1,0,0,0.358413358768189,1,1,1,7628255,0.906428141167279,0.72889778978359
"methods","principles",0,1,-1,0,0,0,0.39226915213802,1,1,0,107758,0.157575307633772,0.479157860713907
"minerals","vitamins",0,0,0,0,0,0,0.779337841127321,0,0,0,179421,0.142224154363202,0.525200955788088
"misery","pain",0,-1,0,0,0,0,-2.1176286033514,-2,-2,-1,24920,0.279253611556982,0.278739862912977
"money","numbers",0,-1,0,0,0,0,0.741305725284711,0,0,0,1671,0.367444643925793,0.442895619003426
"money","papers",0,0,1,0,0,0,1.11861466094004,0,0,0,4570,0.542450765864333,0.640032204941848
"money","time",0,0,0,0,0,0,-1.8239411418986,-1,-1,-1,572131,0.103369682817397,0.349021206419616
"months","years",0,0,0,0,0,1,-1.53704318289069,0,0,0,125753,0.892861402908877,0.756353117677225
"moon","sun",0,0,-1,0,0,0,-0.935454654419001,0,0,0,322714,0.0893608582212113,0.372141719275938
"morning","night",0,1,0,0,0,1,-0.551465927285118,-1,-1,-1,101769,0.394511098664623,0.754787326351642
"mother","son",0,0,0,1,0,0,0.321121134053456,-1,-1,-1,128987,0.936481971051346,0.525403675666718
"mouth","nostrils",0,-1,1,0,0,0,2.97016658289956,1,1,1,23816,0.769902586496473,0.70929388005145
"movements","positions",0,-1,0,0,0,-1,0.0123883556456335,0,0,0,13056,0.333486519607843,0.169118212710315
"movements","speech",0,-1,1,0,0,0,-0.58708349407522,-1,-1,-1,3639,0.611431712008794,0.406735967256751
"mr.","mrs.",0,0,0,1,0,0,0.649469026601622,0,0,0,1680824,0.998090817361009,0.640834641648435
"muscles","nerves",0,0,1,1,0,0,0.566776908353868,-1,-1,-1,55557,0.415555195564915,0.637875297977972
"muskets","swords",0,0,0,1,0,0,-1.17759104863196,-1,-1,-1,3049,0.401443096097081,0.484758391418281
"name","year",0,0,1,0,0,0,-0.331933600953317,0,0,0,3444,0.937862950058072,0.603015243809015
"names","numbers",0,0,-1,0,0,0,-0.201852743523816,1,1,1,48724,0.820540185534849,0.49955938391402
"nationalism","sovereignty",0,0,1,-1,0,0,-0.048887904460134,-2,1,0,1597,0.500313087038197,0.375409637771615
"nature","size",0,-1,0,0,0,0,0.540017943487584,-1,-1,-1,38101,0.305635022702816,0.333385550337971
"needle","thread",0,0,1,0,0,0,0.0350639831010255,-1,-1,-1,64176,0.934103091498379,0.50405970254517
"neighborhood","school",0,0,0,0,0,0,-2.55823292000423,-2,0,0,8377,0.378297719947475,0.365542431497781
"nights","weekends",0,0,1,0,0,0,1.37732567219835,1,0,0,17624,0.941159782115297,0.678868507477319
"nitrogen","oxygen",0,0,-1,0,0,0,-0.649438934766723,0,0,0,93142,0.418694037061691,0.379424353987424
"north","south",0,0,1,0,0,0,-0.0306005197722357,0,0,0,1532336,0.939012070459743,0.610818675012794
"north","west",0,0,1,0,0,0,0.140452335482276,0,0,0,385427,0.728316905665664,0.615223469724349
"nose","throat",0,1,0,0,0,0,0.246119496267095,0,0,0,101711,0.921483418705941,0.591262508653534
"novelist","poet",0,0,-1,0,0,0,-1.91666437197827,-1,-1,0,43417,0.342515604486722,0.35460259841626
"novels","stories",0,0,1,0,0,0,-1.34224990076583,0,0,0,70893,0.494985400533198,0.576488114658111
"novels","tales",-1,0,0,0,1,0,-0.12163463057899,-1,-1,-1,16797,0.772995177710305,0.367336945321421
"order","truth",0,0,0,0,0,0,1.08015416125434,-1,-1,-1,3498,0.38650657518582,0.423578527015705
"organizations","states",1,0,0,-1,0,0,-1.89668634957546,-4,-1,-1,4310,0.378190255220418,0.203629361125828
"pad","pencil",0,0,-1,0,0,0,-0.546357954021177,1,1,1,35363,0.799621072872777,0.490211486804095
"pail","shovel",0,0,-1,0,0,0,-0.44504229122321,1,1,1,2855,0.821716287215412,0.49296019551652
"pain","pressure",0,0,0,0,1,0,-0.362927678995661,1,1,1,10781,0.478805305630275,0.624355940263756
"pain","shame",0,0,0,0,1,0,1.62783112816441,0,0,0,14173,0.664855711564242,0.570167609565828
"palm","pine",0,0,0,0,0,0,-0.176007760362751,0,0,0,5388,0.596696362286563,0.499296255636872
"paper","pen",0,0,-1,0,0,0,1.99050530672192,-1,-1,-1,86400,0.228541666666667,0.343651080133295
"paris","washington",0,1,0,0,0,0,-0.473339283806105,1,1,0,7309,0.530031468053085,0.564735969882222
"pattern","sequence",0,0,-1,0,0,0,0.474983898992516,0,0,0,2372,0.543844856661046,0.408556880985902
"peace","quiet",0,0,1,1,0,0,0.805471414929372,1,1,1,191274,0.951477984462081,0.813869507976239
"pepper","salt",0,0,-1,0,0,0,-1.26349635618579,-1,-1,-1,831039,0.06075045816141,0.268883861612763
"personnel","ships",0,1,-1,0,0,0,0.0434870359123956,-2,0,0,1386,0.167388167388167,0.405988609164784
"piano","violin",0,0,1,0,0,0,1.1039468529691,-1,-1,-1,90587,0.223873182686257,0.533018903343568
"pies","puddings",0,0,0,0,0,0,1.40120652269901,1,1,1,4565,0.582694414019715,0.647949414004414
"pilot","plane",0,1,1,0,0,0,-1.0391509413647,-1,-1,-1,3214,0.321717485998755,0.556214034414748
"pitch","volume",0,0,0,-1,0,0,-1.79679514832681,1,1,1,10617,0.665253838184044,0.442923092033817
"place","time",0,1,0,0,0,0,-1.10627599753719,0,0,0,1218090,0.138676945053321,0.555367580390883
"plans","projects",0,-1,0,0,0,0,0.449625278819568,1,1,1,18234,0.817483821432489,0.545018435677329
"poetry","prose",0,0,-1,0,0,0,1.22884255948088,-2,-2,-1,222228,0.546596288496499,0.332020154396177
"politics","religion",0,0,0,0,0,0,-0.14804844344339,-1,1,1,162465,0.352069676545718,0.537898404168361
"power","resources",0,-1,0,1,0,0,1.40761989393853,1,1,0,45867,0.697625743998953,0.575523791103274
"power","scope",0,0,0,1,0,0,2.5242885189468,-1,-1,-1,14744,0.381646771568095,0.584399318508773
"power","trade",0,0,0,0,0,-1,1.00224316207061,-1,-1,-1,3824,0.551516736401674,0.167995103913905
"power","variety",0,0,0,1,1,0,1.57162268066387,1,1,0,2907,0.555555555555556,0.676546791764126
"powers","processes",0,0,0,1,0,0,-0.0732218418279231,1,1,0,2242,0.768956289027654,0.615349729330261
"pressure","temperature",0,0,-1,0,0,0,0.238472566612213,2,2,0,449437,0.362246544009505,0.387703871972079
"prose","verse",0,0,0,0,0,0,-0.658037344159695,0,0,0,173062,0.656706844945742,0.486218476376655
"radar","radio",0,0,-1,0,0,-1,-1.96978462815591,1,0,0,12445,0.318360787464845,0.145085967858882
"radio","television",0,0,-1,0,0,0,0.125163277508175,1,1,1,651263,0.744326024969943,0.508433111940618
"receivers","senders",0,-1,0,0,0,-1,2.27455745051509,0,0,0,9936,0.0383454106280193,0.206471428107341
"research","training",0,0,0,0,0,1,0.669727825069099,0,0,0,108917,0.643728710853218,0.797757452599823
"resources","riches",1,0,0,0,0,0,2.59388137384486,-1,-1,0,1403,0.307911617961511,0.627892587808097
"rights","wrongs",0,1,0,0,0,0,3.70507945388397,0,0,0,47755,0.96999267092451,0.678014597637799
"river","sky",0,1,0,0,0,0,1.14401729919508,-1,-1,-1,3362,0.652290303390839,0.506252578225426
"rock","roll",0,0,0,0,0,0,0.851796527406581,0,0,0,248992,0.99720472946922,0.527161938235825
"rudder","stick",0,0,0,0,0,0,-2.53813406275677,-1,-1,-1,3699,0.10029737766964,0.331619107469032
"sailors","soldiers",0,0,1,0,0,0,-1.82489863959113,0,0,0,149549,0.116470187029001,0.563648041017658
"school","service",0,0,0,-1,0,0,0.375584260325606,1,1,1,1380,0.451449275362319,0.501627018966027
"schools","synagogues",0,0,1,0,0,0,4.24792551136258,2,0,0,3291,0.408082649650562,0.769443990474032
"science","tactics",1,0,0,0,0,0,2.53061663310076,0,0,0,8541,0.99215548530617,0.619077846292045
"searching","yearning",0,1,0,0,0,-1,1.6191855749018,0,0,0,1193,0.27745180217938,0.317537764893664
"secrecy","stealth",0,-1,0,0,0,0,1.57831280800839,-2,-2,-1,1319,0.385140257771039,0.36597564765758
"ships","weapons",0,0,1,0,0,0,0.282555837433868,1,1,1,2628,0.775494672754947,0.716342728720059
"shirt","waistcoat",0,0,1,0,0,0,2.62075506833335,1,1,1,2852,0.483169705469846,0.764985069264681
"shoes","socks",0,0,1,0,0,0,1.77554656672939,0,0,0,64752,0.762154064739313,0.656292356893779
"shooting","yelling",0,0,-1,0,1,0,1.3687831485337,0,0,0,3658,0.394204483324221,0.454285369111094
"shots","shouts",0,-1,0,0,1,0,0.808445148554082,0,0,0,1897,0.542435424354244,0.466900976547024
"shower","tub",0,0,1,0,0,0,0.597024683151965,-1,-1,-1,17557,0.179130831007575,0.519300629864533
"sidewalks","streets",0,0,-1,0,0,0,-2.91974082655995,-1,0,0,29202,0.199917813848367,0.292468223163346
"sights","sounds",0,0,1,0,0,0,-1.93312565687958,0,0,0,143294,0.899430541404385,0.56075645104337
"silence","space",0,0,0,0,0,0,-1.16062697292087,-1,-1,-1,2998,0.310873915943963,0.36555344255219
"skirt","sweater",0,-1,0,0,0,0,0.832741544414676,1,1,1,9969,0.51198716019661,0.555310369824155
"snow","water",0,1,-1,0,0,0,-2.2697473685538,1,1,1,7559,0.536578912554571,0.524965131625808
"soil","topography",-1,1,1,0,0,0,2.86161902331998,2,2,1,4558,0.453049583150505,0.78704543717843
"soldiers","subjects",-1,0,0,1,0,0,-0.249690283548734,0,0,0,1315,0.533079847908745,0.571198043907496
"son","wife",0,0,0,0,0,0,0.131102775678077,0,0,0,118681,0.0518448614352761,0.507629997709291
"south","west",0,1,0,0,0,0,0.171052855254512,0,0,0,455538,0.648622068850458,0.589291771494547
"spring","summer",0,0,0,0,0,1,-0.0952031564508893,1,1,1,381701,0.990141498188373,0.849533386704412
"statesmen","warriors",0,0,0,0,-1,0,-0.780852154378596,1,1,0,5237,0.439182738208898,0.452965652381305
"stress","tension",0,0,0,0,0,0,0.738993657187844,1,1,1,32225,0.619860356865787,0.631382767554439
"stucco","wood",0,-1,-1,0,0,0,-3.81299273193608,-1,-1,-1,2813,0.34589406327764,0.167531491419007
"sun","weather",0,0,1,0,0,0,0.898501540415612,1,1,1,3714,0.889337641357027,0.729730148468347
"sunrise","sunset",0,0,-1,0,0,1,-0.728136507018309,0,0,0,66190,0.793684846653573,0.686285615248792
"sympathy","understanding",0,1,0,0,0,0,-1.61269563739685,1,-1,0,66140,0.68371635923798,0.619652002741121
"teaching","writing",0,0,1,0,0,0,-0.480595178844879,0,0,0,37699,0.614684739648267,0.599145785117104
"technology","time",0,1,0,1,0,0,-2.84457560162128,-2,-2,-1,3171,0.179123304951119,0.528699239632341
"tensions","uncertainties",0,-1,0,0,1,0,0.778885637445303,1,1,0,1587,0.742911153119093,0.458475412517067
"testament","will",0,0,0,0,0,0,-4.26142485895677,-2,-2,-1,248768,0.00109740802675584,0.297913370456412
"thursday","tuesday",0,0,0,0,0,-1,-0.0334737025422207,0,0,0,27948,0.00475883784170605,0.219139396249933
"tories","whigs",0,0,0,0,0,0,-0.462626371316773,-1,-1,-1,24672,0.155034046692607,0.383298397536056
"transportation","utilities",0,0,0,0,0,0,1.40219840467918,-1,1,0,8691,0.491312852376021,0.462033230971293
"trees","underbrush",0,1,1,0,0,0,4.41231675425775,2,0,0,9369,0.875973956665599,0.824797960245713
"turns","twists",0,0,0,0,-1,0,3.02889893502214,0,0,0,126594,0.067048991263409,0.563540189464236
"vinegar","water",0,0,-1,0,1,0,-4.25366992425159,-1,-1,0,20603,0.698005144881813,0.317992293710102
"wisdom","wit",0,0,0,0,-1,0,0.974196222819169,-1,-1,-1,43515,0.0935999080776744,0.399117748664424
